id,nom,url
1,Auger Marty S.A.,
2,Guillet Moreau SA,http://rodrigues.com/
3,Leleu,
4,Roy S.A.,https://jacquot.fr/
5,Lemoine Chauvin S.A.S.,
6,Mace,
7,Charles,http://www.bonnet.net/
8,Renault,http://www.perrier.com/
9,Prévost Didier SA,https://bousquet.net/
10,Robin,
11,Hamel Fleury S.A.S.,https://www.perrin.org/
12,Philippe,http://gauthier.fr/
13,Loiseau De Sousa et Fils,https://hamel.com/
14,Pierre Breton et Fils,
15,Blondel,
16,Maillot Parent S.A.R.L.,
17,Chauveau,http://nicolas.fr/
18,Germain,
19,Benard,
20,Gautier,https://andre.com/
21,Guibert,
22,Faure S.A.,https://www.guillon.fr/
23,Vasseur S.A.,http://lemoine.fr/
24,Moulin,
25,Jacques,https://tessier.com/
26,Collin et Fils,
27,Deschamps Joubert S.A.,
28,Turpin,http://gilbert.com/
29,Leleu S.A.,
30,Besnard,https://perez.com/
31,Allard,
32,Traore,
33,Gilbert,https://fabre.fr/
34,Sauvage,https://grondin.fr/
35,Chrétien S.A.S.,http://www.charles.org/
36,Pichon et Fils,
37,Guyot Sanchez SA,
38,Teixeira SA,
39,Laroche,http://hardy.fr/
40,Lopes S.A.,https://www.imbert.com/
41,Garcia S.A.R.L.,
42,Jourdan,
43,Royer,http://chartier.fr/
44,Chartier,http://coste.net/
45,Benard S.A.S.,
46,Auger Teixeira et Fils,https://www.collet.net/
47,Lelièvre,http://www.berthelot.com/
48,Gallet,
49,Legendre SA,
50,Arnaud SARL,https://www.ramos.org/
51,Deschamps Pires SA,http://merle.fr/
52,Caron,http://francois.fr/
53,Pierre,http://www.barthelemy.com/
54,Lemonnier Maillet et Fils,https://www.teixeira.net/
55,Vallée S.A.R.L.,http://www.bourdon.com/
56,Renaud,http://www.chevalier.net/
57,Renard,
58,Joseph,http://www.thierry.org/
59,Sanchez,
60,Pascal Bouvet S.A.R.L.,
61,Hubert Jean S.A.S.,http://www.langlois.com/
62,Faure,http://jacob.com/
63,Carlier Delmas SARL,
64,Laine,
65,Jourdan Gérard S.A.R.L.,https://mallet.com/
66,Chauvin S.A.R.L.,
67,Charrier,http://www.labbe.com/
68,Neveu et Fils,
69,Besnard Vidal S.A.S.,
70,Raynaud,https://barthelemy.com/
71,Bourgeois SA,
72,Guyon Barre SARL,https://delahaye.fr/
73,Reynaud Pages S.A.S.,
74,Laporte SARL,
75,Didier Bousquet SA,https://www.rocher.org/
76,Neveu,http://www.moreno.fr/
77,Goncalves Gosselin S.A.R.L.,
78,Antoine S.A.S.,
79,Martineau,
80,Brun,http://www.benard.com/
81,Daniel,
82,Goncalves S.A.S.,https://www.lecomte.fr/
83,Gosselin Lejeune SA,http://www.bruneau.fr/
84,Merle Traore S.A.S.,
85,Mercier Samson SA,http://rousseau.com/
86,Chevalier Renard et Fils,http://www.raymond.fr/
87,Rolland,http://www.de.com/
88,Seguin S.A.S.,http://pinto.org/
89,Legrand,
90,Dupuis,
91,Jacques SARL,http://guyon.fr/
92,Dias,http://www.rey.com/
93,Diaz,http://www.petit.com/
94,Michel,
95,Aubry SARL,
96,Courtois,http://www.bazin.fr/
97,Devaux,http://hamel.fr/
98,Barre,https://www.gallet.org/
99,Delaunay,
100,Vidal SARL,https://www.robert.com/
101,Dijoux et Fils,
102,Philippe,https://samson.com/
103,Georges et Fils,https://www.albert.net/
104,Dijoux et Fils,http://www.gauthier.com/
105,Delattre SA,http://ruiz.fr/
106,Bailly Pelletier S.A.,https://www.pottier.fr/
107,Bousquet Vasseur S.A.S.,
108,Fernandes,http://pasquier.com/
109,Prévost Lopez SARL,https://www.humbert.com/
110,Valette S.A.,
111,Diallo,
112,Dos Santos,
113,Peron,https://diaz.net/
114,Clerc S.A.,
115,Leduc Thomas S.A.,
116,Rémy,
117,Labbé,
118,Bernard S.A.S.,https://www.descamps.fr/
119,Philippe SARL,https://www.delmas.com/
120,Prévost,https://www.barbe.com/
121,Blot,
122,Pottier S.A.,https://paris.fr/
123,Guillet S.A.,http://www.seguin.com/
124,Michel,http://maillet.com/
125,Rousset,
126,Valette,
127,Meyer,
128,Leclercq Mercier S.A.R.L.,
129,Benoit SARL,
130,Schmitt Picard SA,
131,Dumont Perrot S.A.R.L.,http://allain.fr/
132,Bouvier,
133,Menard SA,https://marie.net/
134,Guillou S.A.,http://humbert.com/
135,Thibault Menard et Fils,
136,Petitjean S.A.R.L.,
137,Diallo S.A.,
138,Besson S.A.R.L.,http://sauvage.com/
139,Rolland,
140,Moulin SA,
141,Bouvier S.A.,http://www.girard.com/
142,Guilbert,http://andre.com/
143,Roussel,
144,Chauvet,http://www.godard.org/
145,Godard,
146,Neveu,
147,Lamy S.A.,https://www.gaudin.fr/
148,Hubert Raynaud S.A.,https://camus.fr/
149,Prévost Bouchet S.A.S.,
150,Lenoir Richard S.A.S.,http://hamel.fr/
151,Imbert Gomes et Fils,
152,Joseph,https://www.hoareau.com/
153,Fournier,
154,Lebrun Blanchet SARL,http://da.org/
155,Bouchet,https://teixeira.com/
156,Philippe Laine et Fils,
157,Loiseau,http://couturier.net/
158,Millet Delmas SARL,
159,Baron Vincent S.A.R.L.,
160,Aubry,https://peron.com/
161,Le Gall,http://dupuy.com/
162,Regnier Delmas S.A.S.,
163,Schneider SARL,
164,Hoareau et Fils,
165,Valette,
166,Lucas SARL,http://www.blanchet.fr/
167,Faivre,
168,Marion,
169,Barre,https://monnier.fr/
170,Leduc S.A.R.L.,https://alves.fr/
171,Pasquier et Fils,
172,Peltier,
173,Barbe,https://garnier.com/
174,Didier,https://benard.com/
175,Gilbert S.A.S.,
176,Leblanc,https://garnier.org/
177,Jean,https://boulay.fr/
178,Le Roux,https://www.lagarde.org/
179,Marie S.A.S.,
180,Fournier Roux S.A.S.,http://auger.com/
181,Allain,
182,Blondel,
183,Adam Delaunay S.A.R.L.,http://da.net/
184,Gaudin SARL,
185,Jacquet S.A.R.L.,https://guichard.fr/
186,Weber Michaud SARL,
187,Perrin,http://millet.fr/
188,Le Gall Collin SARL,
189,Sauvage Hardy SA,
190,Courtois SARL,
191,Grondin S.A.S.,
192,Traore,https://www.lambert.fr/
193,Bruneau,http://www.denis.com/
194,Lejeune S.A.R.L.,
195,Dupuis Dias et Fils,
196,Dos Santos,http://remy.fr/
197,Meunier S.A.,
198,Rodrigues S.A.S.,https://teixeira.net/
199,Guillaume S.A.S.,
200,Lemaire,
201,Vidal et Fils,https://www.lucas.com/
202,Jean,http://www.nicolas.com/
203,Ribeiro,
204,Da Costa,
205,Mace Laporte SA,
206,Jacob SARL,
207,Coste,https://www.dumont.fr/
208,Imbert,
209,Gosselin,
210,Mahe,http://www.letellier.fr/
211,Guérin Bailly S.A.S.,
212,Gallet SA,
213,Lopes,
214,Auger,https://briand.com/
215,Paris SA,http://lopes.net/
216,Gomez Normand SARL,https://www.pascal.fr/
217,Hamel,
218,Mace,http://delahaye.org/
219,Moulin,
220,Lemaire Roussel S.A.,http://www.techer.fr/
221,Mathieu SA,
222,Lagarde,
223,Moulin,
224,Lemaître Lombard S.A.R.L.,http://tanguy.com/
225,Mallet,
226,Pelletier,
227,Lefebvre Lemaire S.A.S.,https://www.dupuis.com/
228,Letellier Maillot S.A.R.L.,
229,Barre SA,http://www.charles.fr/
230,Torres,https://joly.fr/
231,Pineau Raymond SARL,https://www.moulin.fr/
232,Daniel,http://www.marion.org/
233,Pottier Paul S.A.S.,
234,Rolland S.A.R.L.,
235,Charpentier,https://guyon.org/
236,Klein et Fils,https://de.com/
237,Mallet,
238,Rousseau,
239,Morin Albert SARL,
240,Goncalves,
241,Prévost Arnaud et Fils,http://www.ramos.com/
242,Renard,https://www.guillou.fr/
243,Charles SARL,http://www.aubert.com/
244,Roche S.A.S.,http://www.carlier.net/
245,Laurent SA,https://www.gerard.net/
246,Bodin S.A.,https://www.foucher.fr/
247,Becker,
248,Texier,
249,Bertin,
250,Coulon SA,
251,Perrin S.A.R.L.,
252,Aubry S.A.R.L.,
253,Hebert SARL,
254,Blin,
255,Schmitt,
256,Perez,https://www.lebrun.fr/
257,Masson,http://www.foucher.fr/
258,Richard,
259,Lecomte,
260,Blanchard Hernandez et Fils,https://www.dijoux.com/
261,Ruiz et Fils,https://guillou.com/
262,Diaz,
263,Rossi,
264,Maury Meunier SARL,
265,Faure,
266,Charpentier,https://www.robert.org/
267,Richard SARL,http://lacombe.fr/
268,Lefebvre,https://philippe.org/
269,Menard SA,
270,Bernier,
271,Pineau,
272,Barthelemy,
273,Barre Samson S.A.,https://lecoq.org/
274,Fernandes,
275,Tanguy S.A.R.L.,https://perrier.org/
276,Perrin,https://marchal.com/
277,Lecomte Georges et Fils,http://www.dupuy.org/
278,Dupré,http://roy.fr/
279,Leblanc,http://www.schmitt.fr/
280,Fleury,
281,Le Gall,
282,Bailly SARL,http://www.mathieu.com/
283,Guyon,
284,Dubois S.A.,https://www.marchal.net/
285,Payet S.A.S.,
286,Bonnet SARL,
287,Lebrun,http://guerin.com/
288,Fouquet,https://chauveau.com/
289,Blanchet S.A.S.,http://denis.com/
290,Guillot Bazin SARL,http://www.rousseau.net/
291,Diaz,http://www.duhamel.fr/
292,Baudry,https://www.dos.net/
293,Nguyen Collet S.A.,
294,Gérard,
295,Alves SARL,https://www.guerin.fr/
296,Caron,
297,Denis S.A.S.,https://www.rousseau.com/
298,Payet,https://www.merle.com/
299,Berger,
300,Dumont,https://roux.org/
301,Pinto Bonnet S.A.,
302,Le Gall,
303,Michel,http://lucas.com/
304,Bousquet,https://www.coulon.fr/
305,Brunel Gilbert SA,http://francois.com/
306,Guillaume,https://www.paul.com/
307,Dias Munoz S.A.,
308,Dupont,http://www.allain.fr/
309,Regnier,
310,Chevallier,http://cohen.org/
311,Mace,
312,Riou,
313,Courtois,
314,Sanchez,https://www.da.fr/
315,Gilbert et Fils,
316,Lefebvre,http://didier.net/
317,Hamon S.A.S.,http://lambert.fr/
318,Guilbert,
319,Girard,
320,Leduc SA,http://www.costa.fr/
321,Michaud,
322,Bonnet Louis S.A.R.L.,
323,Lopes,http://www.bernier.fr/
324,Poirier,http://www.foucher.net/
325,Ollivier SARL,https://michel.fr/
326,Sanchez,http://www.aubert.com/
327,Bruneau,
328,Maréchal,
329,Antoine,
330,Carpentier,
331,Guichard,
332,Jacquot,http://www.masson.org/
333,Gauthier,http://marchand.fr/
334,Labbé Garcia S.A.S.,http://www.jacquet.fr/
335,Fernandes,
336,Marchand SA,https://www.antoine.org/
337,Masson Chevallier et Fils,http://www.schneider.fr/
338,Huet SARL,
339,Regnier S.A.,https://www.auger.org/
340,Dias,
341,Lefèvre,
342,Da Costa SARL,
343,Guibert Martins SA,https://potier.com/
344,Riou Bouvet et Fils,http://louis.fr/
345,Lenoir SA,
346,Martineau,
347,Blanc et Fils,http://www.gilbert.org/
348,Poirier S.A.,https://www.jacquot.net/
349,Samson S.A.S.,http://www.gauthier.fr/
350,Guyot Brun SARL,
351,Joubert,
352,Charrier,
353,Perez,http://www.marchal.fr/
354,Masson SARL,
355,Guillon,
356,Bernard,
357,Roux,http://www.pierre.com/
358,Rocher,
359,Perrier Léger S.A.S.,http://laporte.fr/
360,Hervé Roche S.A.S.,
361,Dijoux,
362,Fabre,
363,Coulon et Fils,http://www.sauvage.fr/
364,Lefort,https://perrier.com/
365,Thomas,
366,Petit,http://lefebvre.com/
367,Besson Briand SARL,
368,Gosselin S.A.S.,https://valentin.com/
369,Carlier Albert SA,
370,Gay S.A.S.,https://www.couturier.com/
371,Rocher,http://weber.com/
372,Monnier,https://www.chevallier.com/
373,Allain Blanc SARL,http://guyon.fr/
374,Blondel,http://morin.net/
375,Laine,
376,Pruvost,http://fabre.com/
377,Marin Maillet SA,http://www.moreno.fr/
378,Renaud Sanchez et Fils,
379,Leclerc,http://peltier.fr/
380,Pelletier,https://maurice.com/
381,Faure S.A.S.,
382,Clerc Lemoine SA,http://renault.fr/
383,Duval,http://www.fournier.fr/
384,Noël Vallée S.A.S.,
385,Colin Le Gall S.A.S.,http://guillou.com/
386,Gonzalez S.A.R.L.,
387,Jacques SA,https://www.garcia.com/
388,Pascal S.A.,
389,Jacquet,https://www.hoarau.net/
390,Nicolas SA,
391,Lelièvre,
392,Berger Le Goff SARL,
393,Mace Paul S.A.,
394,Martinez SARL,
395,Seguin SARL,https://pichon.com/
396,Mahe,http://boyer.fr/
397,Rémy S.A.,
398,Duhamel,https://langlois.com/
399,Potier,
400,Gauthier SARL,
