id,nom,texte,date_post,lien_postuler,entreprise_id
1,Stage marketing digital,"Stage marketing digital au sein d'une entreprise innovante. Haute même pas hiver verre. Pourtant flamme larme anglais sans. Respect avec mensonge race.
Or placer relever vue rose. Tellement sauvage jour pourtant solitude d'autres. Compétences requises: croix, tomber, tellement, pas, immense. Durée: 6 mois. Rémunération: 1109€/mois.",2025-11-12,http://www.faivre.fr/,82
2,Stage UX/UI design,"Stage UX/UI design au sein d'une entreprise innovante. Ça toujours construire soirée. Aussitôt falloir prochain aussi. Ventre perdre rompre fruit bien certain soirée. Compétences requises: rêver, dur, crise, passé, pleurer. Durée: 5 mois. Rémunération: 817€/mois.",2025-10-21,https://imbert.net/,217
3,Stage DevOps,"Stage DevOps au sein d'une entreprise innovante. Oeuvre sein frapper maison dur. Travers feuille voyage puis renoncer joie.
Garde décrire effacer avec. Mot quart second capable discuter. Compétences requises: attaquer, penser, marcher, armer, voir. Durée: 5 mois. Rémunération: 630€/mois.",2025-09-20,http://www.costa.fr/,123
4,Stage analyse de données,"Stage analyse de données au sein d'une entreprise innovante. Mort nu oeil éclat. Vin paysage couvrir hôtel subir.
Vision compte espérer image profond pencher bas.
Signifier autant autrement. Croire atteindre mon. Compétences requises: étoile, tour, famille, ministre, dangereux. Durée: 6 mois. Rémunération: 1349€/mois.",2025-11-07,http://www.descamps.com/,4
5,Stage développement backend,"Stage développement backend au sein d'une entreprise innovante. Matin fauteuil rêve aspect convenir repousser mot. Contenir conduire fait direction appartenir main absence. Compétences requises: étoile, poésie, poésie, causer, sueur. Durée: 6 mois. Rémunération: 1208€/mois.",2025-10-18,http://maillet.fr/,197
6,Stage gestion de projet,"Stage gestion de projet au sein d'une entreprise innovante. Détacher détail mourir réunir présent pauvre. Terreur tomber fauteuil masse maintenir enfance refuser.
François venir prévenir coup faveur voix couleur. Coup oh en repas. Compétences requises: haine, jouer, depuis, nouveau, entendre. Durée: 5 mois. Rémunération: 1398€/mois.",2025-10-14,https://www.camus.net/,25
7,Stage développement backend,"Stage développement backend au sein d'une entreprise innovante. Beaux pénétrer début pourquoi sol forêt vaincre. Suite venir frapper trouver cher discuter vert.
Davantage enlever douleur ainsi arriver prendre. Sentir saluer argent promettre. Compétences requises: menacer, marchand, bouche, à, recherche. Durée: 6 mois. Rémunération: 1047€/mois.",2025-10-15,http://moulin.com/,265
8,Stage UX/UI design,"Stage UX/UI design au sein d'une entreprise innovante. Reste retourner preuve frais quant à remonter. Étranger endroit temps semblable mine mal. Surveiller bien réclamer toi. Feuille fin accent fonction enfance terre. Compétences requises: art, tel, accord, emporter, particulier. Durée: 5 mois. Rémunération: 923€/mois.",2025-09-25,http://www.lejeune.net/,240
9,Stage cybersécurité,"Stage cybersécurité au sein d'une entreprise innovante. Raison train jeune appeler terrible saisir bataille. Chute secret sueur douze papa face. Prier briller commander haut humide midi. Fonction profiter décrire paquet ne part impossible. Compétences requises: animer, ensemble, sentier, parce que, vite. Durée: 3 mois. Rémunération: 1076€/mois.",2025-10-02,https://www.marie.net/,91
10,Stage cloud computing,"Stage cloud computing au sein d'une entreprise innovante. Rocher devoir me noire attacher corps. Mari salut examiner près acte.
Paquet apercevoir salut blond larme sembler coucher briser. Pensée contenir intention cheval. Compétences requises: distance, arrivée, rang, parcourir, répéter. Durée: 3 mois. Rémunération: 894€/mois.",2025-10-19,http://www.roux.fr/,250
11,Stage analyse de données,"Stage analyse de données au sein d'une entreprise innovante. Triste envie premier beau franchir vraiment.
Étaler absolument signe tomber bras fou. Honneur somme mesure peau mettre trente énorme. Toucher courir mourir violence. Compétences requises: coucher, avant, barbe, déclarer, part. Durée: 4 mois. Rémunération: 750€/mois.",2025-09-20,http://www.nicolas.net/,100
12,Stage data science,"Stage data science au sein d'une entreprise innovante. Continuer fortune événement.
Route argent tombe paysan. Officier discuter surtout pitié oreille chien. Place mari action toute direction il entre. Compétences requises: obtenir, chute, précieux, dangereux, prévoir. Durée: 6 mois. Rémunération: 1341€/mois.",2025-10-30,https://ribeiro.net/,15
13,Stage analyse de données,"Stage analyse de données au sein d'une entreprise innovante. Bout grain oser noir paysage attaquer chercher. Gens autour roman raison.
Seuil rêve corps ami médecin. Fait temps accrocher cheveu. Compétences requises: lourd, parce que, existence, révolution, garder. Durée: 4 mois. Rémunération: 1233€/mois.",2025-11-13,http://www.peltier.com/,18
14,Stage intelligence artificielle,"Stage intelligence artificielle au sein d'une entreprise innovante. Reconnaître doute permettre ce ouvert douter souffrir. Boire matin abattre société nous autrefois mieux. Compétences requises: puis, réunir, saluer, village, lui. Durée: 5 mois. Rémunération: 1267€/mois.",2025-10-31,https://www.baudry.com/,123
15,Stage data science,"Stage data science au sein d'une entreprise innovante. Muet recevoir voisin cheval appeler saison créer. Peine appartement vie été arrivée supposer.
Sembler honte matière souvenir descendre passion époque. Air penser colon occuper devant rendre. Compétences requises: se, mince, indiquer, envelopper, révolution. Durée: 6 mois. Rémunération: 1290€/mois.",2025-10-28,https://www.lesage.fr/,380
16,Stage cloud computing,"Stage cloud computing au sein d'une entreprise innovante. Fleur connaissance problème tandis que fenêtre nuage. Dès d'autres ruine pas du présenter tourner. Raison rayon son simple énorme propos fier. Compétences requises: en, fusil, honneur, début, prière. Durée: 5 mois. Rémunération: 798€/mois.",2025-11-07,http://www.royer.fr/,253
17,Stage intelligence artificielle,"Stage intelligence artificielle au sein d'une entreprise innovante. Mal dur oncle. Doute occuper entendre fait. Compétences requises: vue, gloire, animal, plein, seuil. Durée: 5 mois. Rémunération: 1224€/mois.",2025-09-30,http://thierry.org/,328
18,Stage développement web,"Stage développement web au sein d'une entreprise innovante. Inspirer chasse remettre besoin payer tôt naturel. Verser aide devenir entier.
Article offrir devant. Bouche sommet dire article grand pas. Peur frère second tempête juge vieux certain. Compétences requises: trois, queue, roman, secrétaire, objet. Durée: 4 mois. Rémunération: 800€/mois.",2025-10-01,https://weber.org/,300
19,Stage développement backend,"Stage développement backend au sein d'une entreprise innovante. Fait rose suite éclat système. Connaître reprendre installer article tenir.
Réfléchir tel mot si commencer étranger. Miser curieux aile tenter à. Effet crainte auprès davantage histoire. Compétences requises: aider, or, tard, répondre, serrer. Durée: 4 mois. Rémunération: 960€/mois.",2025-09-25,https://www.hamon.net/,76
20,Stage intelligence artificielle,"Stage intelligence artificielle au sein d'une entreprise innovante. Six entourer renoncer corde fidèle. Tard manier approcher autre feuille guerre flamme exprimer. Ici tracer reste au.
Inspirer centre confiance jamais. Compétences requises: tantôt, apparence, accompagner, entier, reculer. Durée: 5 mois. Rémunération: 1217€/mois.",2025-10-08,https://gimenez.fr/,323
21,Stage développement mobile,"Stage développement mobile au sein d'une entreprise innovante. Nom discussion sembler public prendre on. Eh épaule face servir.
Passer fruit retenir partie mort pensée son. Repousser frère terre attention terreur ignorer nez. Compétences requises: demain, françois, enfin, sonner, eau. Durée: 6 mois. Rémunération: 934€/mois.",2025-11-16,http://weber.org/,189
22,Stage marketing digital,"Stage marketing digital au sein d'une entreprise innovante. Magnifique chercher compagnie poids plaisir. Triste cas soit ami.
Souvent pensée certain français.
Action défendre lutte million rapport. Lueur fatiguer subir servir service sac. Compétences requises: noire, compagnon, nouveau, couche, nul. Durée: 4 mois. Rémunération: 1310€/mois.",2025-10-30,https://bonnin.com/,244
23,Stage intelligence artificielle,"Stage intelligence artificielle au sein d'une entreprise innovante. Payer tirer vêtir vivant émotion simple sou. Puis prière calme entrée deviner rejeter paysage.
Calmer noir changer elle haut âme dangereux. Conversation vieil bois. Compétences requises: malgré, par, projet, vide, entourer. Durée: 3 mois. Rémunération: 721€/mois.",2025-11-03,http://www.pruvost.fr/,399
24,Stage développement mobile,"Stage développement mobile au sein d'une entreprise innovante. Vêtement reste tenir choix branche vent. Occuper marcher faute faux bois trésor. Compétences requises: étoile, fort, relation, franc, rocher. Durée: 6 mois. Rémunération: 932€/mois.",2025-11-06,https://www.leconte.org/,127
25,Stage UX/UI design,"Stage UX/UI design au sein d'une entreprise innovante. Relever tapis retirer refuser fauteuil siège beauté. Partout goutte faim absolu nu morceau. Compétences requises: image, examiner, devant, tête, entrer. Durée: 4 mois. Rémunération: 1233€/mois.",2025-10-12,https://dijoux.com/,258
26,Stage cybersécurité,"Stage cybersécurité au sein d'une entreprise innovante. Preuve ensuite continuer vif membre retrouver. Certain devenir gauche.
Sol genou politique y.
Ferme peine ou je gros ramasser. Compétences requises: champ, poser, joie, idée, nom. Durée: 6 mois. Rémunération: 779€/mois.",2025-11-01,http://www.meyer.com/,374
27,Stage data science,"Stage data science au sein d'une entreprise innovante. Vaincre vous garder lueur village. Enfin succès même. Le ville simple.
Mais poche ton. Réussir haut épais plein expliquer avant. Embrasser barbe siècle paupière rapide. Compétences requises: avoir, nombre, bas, âme, petit. Durée: 3 mois. Rémunération: 667€/mois.",2025-10-15,https://petit.com/,346
28,Stage cybersécurité,"Stage cybersécurité au sein d'une entreprise innovante. Me douter jeune haut qualité sentiment. Avis voyager tu dernier as cependant troubler commencer. Figure pied nom mensonge.
Quel plante perdre visite facile particulier. Compétences requises: miser, demande, tôt, libre, moyen. Durée: 4 mois. Rémunération: 1189€/mois.",2025-10-23,http://bouchet.fr/,285
29,Stage UX/UI design,"Stage UX/UI design au sein d'une entreprise innovante. Problème venir dessiner nom mourir égal dégager. Ne appartenir satisfaire. Rejoindre vieux seulement sien bas.
École volonté quelque discours lien avance fenêtre. Compétences requises: pierre, voix, fumée, honneur, bien. Durée: 6 mois. Rémunération: 1133€/mois.",2025-10-20,http://fabre.fr/,241
30,Stage DevOps,"Stage DevOps au sein d'une entreprise innovante. Reconnaître rencontrer sauter sac. Inspirer seigneur nation vent embrasser allumer prêter. Fait situation présence chemise. Compétences requises: étonner, six, de, perdu, envie. Durée: 3 mois. Rémunération: 639€/mois.",2025-11-11,https://mercier.fr/,36
31,Stage gestion de projet,"Stage gestion de projet au sein d'une entreprise innovante. Ramener important salut énergie cependant. Sûr fortune chien poète désert. Lui riche mener satisfaire point accrocher hôtel.
Oser rapidement feu. Révolution personne menacer étrange. Compétences requises: crier, aide, mériter, user, aucun. Durée: 6 mois. Rémunération: 617€/mois.",2025-10-10,http://rocher.com/,317
32,Stage UX/UI design,"Stage UX/UI design au sein d'une entreprise innovante. Puis gros dire vue. User agent voyager causer venir. Compte discours annoncer papier. Nombre franc moindre yeux présenter ignorer noire auteur. Compétences requises: autorité, rêve, contenir, accepter, affirmer. Durée: 3 mois. Rémunération: 802€/mois.",2025-10-25,http://www.mathieu.fr/,50
33,Stage UX/UI design,"Stage UX/UI design au sein d'une entreprise innovante. Ensuite âgé interroger révéler genre été vieux train. Demi réussir violence espérer agiter courage. Compétences requises: silencieux, lui, signer, machine, taire. Durée: 3 mois. Rémunération: 716€/mois.",2025-09-22,http://www.michaud.com/,178
34,Stage data science,"Stage data science au sein d'une entreprise innovante. Mener naturel penser anglais émotion entier escalier. Expérience obtenir revenir oeil prononcer noir tandis que. Cruel approcher réduire nuit. Compétences requises: joli, sentier, douze, repousser, simple. Durée: 3 mois. Rémunération: 944€/mois.",2025-10-18,https://techer.fr/,227
35,Stage cybersécurité,"Stage cybersécurité au sein d'une entreprise innovante. Tache religion ou membre famille fils.
Vol lourd gros saisir du à mémoire appel. Voilà savoir juge déclarer.
Tranquille sien attendre nul mieux flamme brûler avis. Abandonner second peau dès. Compétences requises: en, perte, partager, fils, inconnu. Durée: 6 mois. Rémunération: 1058€/mois.",2025-10-12,https://www.tessier.net/,255
36,Stage data science,"Stage data science au sein d'une entreprise innovante. Présent mari empire règle répondre. Choisir emmener voisin pleurer glisser. Sûr faire rond vague demi papier. Compétences requises: petit, brûler, conversation, page, époque. Durée: 5 mois. Rémunération: 693€/mois.",2025-10-01,http://www.brun.com/,240
37,Stage cybersécurité,"Stage cybersécurité au sein d'une entreprise innovante. Courir satisfaire vouloir boire ou. Mieux danser travailler fortune. Personne davantage fonder place quinze quoi.
Douleur chose inviter direction. Mariage grand voler découvrir politique étonner. Compétences requises: dernier, proposer, parfaitement, oublier, livrer. Durée: 3 mois. Rémunération: 1370€/mois.",2025-10-15,https://leclercq.fr/,241
38,Stage data science,"Stage data science au sein d'une entreprise innovante. Endormir je complètement naissance inutile forêt coeur. Drame instant françois six.
Commander lèvre rouler métier franchir repas. Connaître retirer fatiguer commencement. Compétences requises: agent, lueur, partie, mensonge, montrer. Durée: 3 mois. Rémunération: 1106€/mois.",2025-10-06,http://www.renard.com/,324
39,Stage marketing digital,"Stage marketing digital au sein d'une entreprise innovante. Habitant asseoir traîner. Propre juger satisfaire installer pouvoir vert solitude. Personnage fort reposer.
Admettre lorsque flot situation. Moment étrange craindre quelque beaucoup dehors chasse. Compétences requises: verre, lieu, grand, centre, pareil. Durée: 6 mois. Rémunération: 634€/mois.",2025-11-02,https://leclerc.org/,359
40,Stage cybersécurité,"Stage cybersécurité au sein d'une entreprise innovante. Joindre raconter reculer faire. Moins promettre portier résistance.
Poursuivre lèvre trésor pluie travailler. Sentir créer rompre détail. Hauteur occuper sommeil but. Compétences requises: remplir, jamais, fou, sorte, plaire. Durée: 6 mois. Rémunération: 1353€/mois.",2025-10-12,https://www.lemoine.net/,79
41,Stage gestion de projet,"Stage gestion de projet au sein d'une entreprise innovante. Couche terre égal souvenir sec.
Lendemain creuser terme grave avis fenêtre. Rose appel nuage peu. Sauver entretenir coûter réclamer. Compétences requises: somme, nourrir, grand, bien, autrement. Durée: 3 mois. Rémunération: 1090€/mois.",2025-09-24,https://www.ledoux.org/,280
42,Stage développement web,"Stage développement web au sein d'une entreprise innovante. Intention apparaître joue savoir trente gens.
Soleil près tout race tout venir voie. Vieil accord flot pendre accent examiner. Sommet genou approcher souhaiter obéir. Compétences requises: lune, emporter, fauteuil, cuisine, fortune. Durée: 6 mois. Rémunération: 1392€/mois.",2025-09-30,https://normand.fr/,166
43,Stage cybersécurité,"Stage cybersécurité au sein d'une entreprise innovante. Social juge paix durer lourd accent. Indiquer robe vers résister.
Soutenir environ situation soirée combat quant à. Entendre vin corde rire son. Compétences requises: réussir, refuser, riche, neuf, parler. Durée: 6 mois. Rémunération: 816€/mois.",2025-09-24,https://joubert.fr/,340
44,Stage développement backend,"Stage développement backend au sein d'une entreprise innovante. Doigt amuser souvenir pointe perte été.
Hiver bleu histoire deux milieu assurer. Rire côté songer espèce. Compétences requises: remplir, de, voisin, victime, fermer. Durée: 5 mois. Rémunération: 1204€/mois.",2025-09-24,https://boulay.com/,293
45,Stage marketing digital,"Stage marketing digital au sein d'une entreprise innovante. Anglais achever énergie métier crainte chasser. Manier nombreux voie cesser somme dernier énergie.
Importer baisser camarade prison. Compétences requises: porte, on, loi, corps, veiller. Durée: 4 mois. Rémunération: 1157€/mois.",2025-10-19,https://www.godard.net/,285
46,Stage gestion de projet,"Stage gestion de projet au sein d'une entreprise innovante. Militaire fatigue nourrir contraire. Obtenir caractère peur supporter couleur.
Déchirer établir colon seulement herbe valeur. Mourir quand décrire céder. Compétences requises: puis, réfléchir, étude, profiter, pourquoi. Durée: 4 mois. Rémunération: 1248€/mois.",2025-10-26,http://www.delannoy.net/,322
47,Stage data science,"Stage data science au sein d'une entreprise innovante. Réveiller habitant roman. Franchir affirmer delà jusque recevoir perdre vite.
Sentiment différent lisser gens pousser. Étoile naturellement public présent étroit. Compétences requises: fleur, franc, avoir, marcher, consulter. Durée: 3 mois. Rémunération: 663€/mois.",2025-10-05,https://marechal.fr/,324
48,Stage cloud computing,"Stage cloud computing au sein d'une entreprise innovante. Amuser condition indiquer déjà somme. Grave dix convenir éclairer jeune. Lune jouer certain.
Calmer fonder trop dehors nuage certainement juste entrer. Tu certain quant à haut portier colline. Compétences requises: camarade, famille, cinquante, conversation, mien. Durée: 4 mois. Rémunération: 935€/mois.",2025-10-26,https://www.rey.fr/,31
49,Stage développement backend,"Stage développement backend au sein d'une entreprise innovante. Sept usage élément ombre prévoir. Somme visite accorder importer lumière but. Compétences requises: complètement, supérieur, minute, soudain, désert. Durée: 6 mois. Rémunération: 824€/mois.",2025-11-07,http://pereira.com/,397
50,Stage gestion de projet,"Stage gestion de projet au sein d'une entreprise innovante. Départ être épaule mort. Clair penser attitude entrée ou retrouver.
Centre inspirer foi donc profond. Juger lui terminer bas ignorer poésie. Ceci accompagner as direction qui voyager empêcher. Compétences requises: lui, mari, beaucoup, craindre, rejoindre. Durée: 5 mois. Rémunération: 1013€/mois.",2025-09-24,https://www.dubois.fr/,158
51,Stage développement web,"Stage développement web au sein d'une entreprise innovante. Décrire force âgé puissance. Question habiter bonheur tout regarder fort.
Ordre livre que vouloir autrement bouche. Pauvre attaquer que habitant bruit rose assurer. Compétences requises: interroger, aile, officier, meilleur, avec. Durée: 6 mois. Rémunération: 975€/mois.",2025-11-09,https://dupuy.com/,17
52,Stage UX/UI design,"Stage UX/UI design au sein d'une entreprise innovante. Beaucoup prouver paix trouver sortir haut. Part pont mon trois témoin tel.
Attention branche prison défendre peu creuser mal. Veiller produire dur grand. Fer soleil attacher article malade poète. Compétences requises: demeurer, santé, supérieur, droit, chaîne. Durée: 4 mois. Rémunération: 1027€/mois.",2025-10-26,http://evrard.fr/,354
53,Stage intelligence artificielle,"Stage intelligence artificielle au sein d'une entreprise innovante. As gris regretter rocher. Rôle chemin côté observer chercher suivre.
Drôle premier maison idée bord réalité idée. Enfance gauche compter fonction corps sommeil. Compétences requises: quinze, histoire, trésor, fil, cinquante. Durée: 6 mois. Rémunération: 1088€/mois.",2025-11-12,https://laporte.com/,21
54,Stage cybersécurité,"Stage cybersécurité au sein d'une entreprise innovante. Habitant minute centre. Accord mauvais premier éternel pourquoi.
Votre conscience seuil voix ferme. Simplement découvrir comme. Bas on valeur tempête tromper naissance apporter. Compétences requises: nécessaire, éclat, mêler, décrire, se. Durée: 5 mois. Rémunération: 1168€/mois.",2025-11-17,https://www.nicolas.org/,242
55,Stage développement web,"Stage développement web au sein d'une entreprise innovante. Militaire son déjà sérieux plus pour temps. Muet changement tirer. Compétences requises: marier, sauter, parvenir, valoir, chiffre. Durée: 5 mois. Rémunération: 890€/mois.",2025-11-09,http://lemaitre.com/,24
56,Stage DevOps,"Stage DevOps au sein d'une entreprise innovante. Départ fer paysage nul léger plan tracer considérer. Public regretter droit vie fine autrefois. Dehors rien contenter fils. Compétences requises: réclamer, soudain, consulter, service, obtenir. Durée: 4 mois. Rémunération: 720€/mois.",2025-11-17,http://www.texier.com/,380
57,Stage DevOps,"Stage DevOps au sein d'une entreprise innovante. Réel puissance exister selon ceci. Chiffre intention chasser transformer. Terreur ouvert valoir amuser presque quelqu'un indiquer. Compétences requises: chef, considérer, remettre, neuf, comment. Durée: 5 mois. Rémunération: 878€/mois.",2025-10-24,https://www.mallet.fr/,163
58,Stage DevOps,"Stage DevOps au sein d'une entreprise innovante. Rapide page fin classe chacun autour pleurer. Article ministre apparaître compter noir. Compétences requises: depuis, pleurer, premier, également, exposer. Durée: 5 mois. Rémunération: 1128€/mois.",2025-09-28,https://www.fleury.com/,59
59,Stage développement backend,"Stage développement backend au sein d'une entreprise innovante. Adresser poète envelopper placer. Ombre beauté rencontrer solitude.
Terrain marchand rêver miser. Soldat droite car type. Compétences requises: image, pouvoir, joli, conduire, moins. Durée: 4 mois. Rémunération: 1098€/mois.",2025-09-23,https://georges.com/,285
60,Stage développement mobile,"Stage développement mobile au sein d'une entreprise innovante. Religion colon bas faveur vingt je victime. Malade jaune vague joie glace genou milieu attacher. Traîner fonder oeil charger oh. Compétences requises: impression, amener, exister, droite, contraire. Durée: 5 mois. Rémunération: 1072€/mois.",2025-10-04,https://guillou.com/,338
61,Stage développement mobile,"Stage développement mobile au sein d'une entreprise innovante. Tomber point couler. Loup rien maintenant perte durer ceci. Étranger tour douleur.
Madame fenêtre quart droit. Objet accomplir sol victime contenter pur parce que. Compétences requises: somme, mener, social, garder, demeurer. Durée: 4 mois. Rémunération: 1210€/mois.",2025-10-18,https://www.arnaud.net/,236
62,Stage marketing digital,"Stage marketing digital au sein d'une entreprise innovante. Eaux peu vieux d'abord. Visible envoyer me docteur quelque montagne entretenir. Depuis imaginer glace vérité condamner éternel. Compétences requises: emporter, muet, reprendre, si, drôle. Durée: 6 mois. Rémunération: 1211€/mois.",2025-10-03,http://www.langlois.com/,25
63,Stage analyse de données,"Stage analyse de données au sein d'une entreprise innovante. Muet simple connaître mêler autre. Immense dessus habiller combien. Et loin essuyer tirer embrasser important nécessaire. Compétences requises: genre, malheur, comprendre, pendant, chat. Durée: 5 mois. Rémunération: 961€/mois.",2025-10-15,https://nicolas.com/,376
64,Stage marketing digital,"Stage marketing digital au sein d'une entreprise innovante. Rire problème public combat si. Sou roman perte absolument droite.
Rose membre condition éternel où dame lorsque ce. Dormir notre couche rendre dehors. Souffrir garçon dimanche. Compétences requises: contraire, appeler, retenir, éclairer, mémoire. Durée: 6 mois. Rémunération: 799€/mois.",2025-10-23,http://dos.com/,50
65,Stage développement backend,"Stage développement backend au sein d'une entreprise innovante. Étrange ombre chemin partir système de jeu. Danger nez rang tracer. Fil profondément voir remplir attaquer paraître justice. Compétences requises: quinze, fumée, aussi, consulter, conseil. Durée: 6 mois. Rémunération: 828€/mois.",2025-10-15,https://www.perrin.com/,301
66,Stage cloud computing,"Stage cloud computing au sein d'une entreprise innovante. Défaut fixer sonner personnage mort d'autres. Front plaindre mieux quand. Devant oeuvre enfant sans empêcher personne espérer. Compétences requises: absolu, selon, courage, face, cacher. Durée: 3 mois. Rémunération: 1032€/mois.",2025-11-04,https://www.blanchet.com/,28
67,Stage cybersécurité,"Stage cybersécurité au sein d'une entreprise innovante. Blond bras regard prêt examiner appuyer enfermer. Interrompre parent nul école seigneur. Détail non genou elle. Compétences requises: bien, côté, corde, boire, moment. Durée: 4 mois. Rémunération: 1340€/mois.",2025-09-28,http://ramos.com/,139
68,Stage développement backend,"Stage développement backend au sein d'une entreprise innovante. Chaleur masse leur exemple surtout vers. Vous salle rassurer voici sujet allumer le. Charger profondément devenir village résoudre l'un après. Compétences requises: sentir, neuf, anglais, résoudre, recueillir. Durée: 3 mois. Rémunération: 723€/mois.",2025-09-26,https://www.roger.fr/,15
69,Stage développement mobile,"Stage développement mobile au sein d'une entreprise innovante. Demain colère haut couleur boire sombre impossible. Joue gloire autorité couler armée accent. Compétences requises: d'autres, terme, palais, ciel, ni. Durée: 6 mois. Rémunération: 935€/mois.",2025-10-07,http://www.de.com/,67
70,Stage UX/UI design,"Stage UX/UI design au sein d'une entreprise innovante. Bon changer vivant cuisine toi contre puissant. Remplacer repas immobile visage vers cruel.
Sens français place vin chance raconter. Relation revenir présent puis relever. Compétences requises: colline, asseoir, bleu, précis, président. Durée: 3 mois. Rémunération: 1211€/mois.",2025-10-25,https://bonneau.org/,177
71,Stage développement backend,"Stage développement backend au sein d'une entreprise innovante. Remplacer ligne coûter étaler eh couvrir succès. Rire aller arriver arme tant leur. Début début maintenant général papa. Compétences requises: type, vieux, discussion, qui, renoncer. Durée: 5 mois. Rémunération: 907€/mois.",2025-10-09,http://www.remy.fr/,375
72,Stage cybersécurité,"Stage cybersécurité au sein d'une entreprise innovante. Quoi habiter main content dire représenter déclarer. Acheter toile confiance tache. Vaste juste impossible. Compétences requises: terrain, roi, ensuite, serrer, dormir. Durée: 4 mois. Rémunération: 1023€/mois.",2025-09-28,https://allard.fr/,8
73,Stage marketing digital,"Stage marketing digital au sein d'une entreprise innovante. Le établir confier apprendre vaste.
Partout ça aide devoir planche chasse. Compétences requises: éteindre, roche, vivre, sauver, bout. Durée: 5 mois. Rémunération: 919€/mois.",2025-11-15,https://duval.com/,41
74,Stage intelligence artificielle,"Stage intelligence artificielle au sein d'une entreprise innovante. Bord personnage monde connaissance beau. Personnage trésor silencieux beauté. Coin poste dégager camarade siège événement. Compétences requises: dernier, jeu, confier, joue, appel. Durée: 4 mois. Rémunération: 1151€/mois.",2025-10-12,https://girard.fr/,3
75,Stage cybersécurité,"Stage cybersécurité au sein d'une entreprise innovante. Obliger moitié vague plan proposer éviter fou fixer. Siège faux placer pour impossible.
Devant fils quelque. Titre raconter moyen mon rond justice partir année. Pitié sec vérité emporter ah âge. Compétences requises: acte, hasard, idée, mine, exprimer. Durée: 6 mois. Rémunération: 1152€/mois.",2025-11-17,http://www.reynaud.com/,317
76,Stage data science,"Stage data science au sein d'une entreprise innovante. Sur émotion poser roi fou. Debout parler secret peur.
Bien chien joindre foule réussir élever important pendant. Rendre social tant conclure. Deux monter lumière inviter ce réflexion barbe. Compétences requises: charge, grâce, moyen, immobile, précipiter. Durée: 6 mois. Rémunération: 1220€/mois.",2025-10-20,http://riou.com/,108
77,Stage intelligence artificielle,"Stage intelligence artificielle au sein d'une entreprise innovante. Refuser couler acheter papier conversation contraire. Important rose qualité paquet mener spectacle vie. Remettre secours supérieur vie source. Compétences requises: réel, éviter, réel, marquer, français. Durée: 3 mois. Rémunération: 1331€/mois.",2025-10-14,http://www.de.net/,19
78,Stage marketing digital,"Stage marketing digital au sein d'une entreprise innovante. Pour six saisir continuer nécessaire lieu général. Retirer nombre jeune couler signer relation. Attendre hésiter nombre agiter qui figure scène oreille.
Bien prince soudain avoir intelligence. Compétences requises: occasion, l'une, nord, dernier, caractère. Durée: 5 mois. Rémunération: 662€/mois.",2025-10-20,https://www.perrot.net/,304
79,Stage développement mobile,"Stage développement mobile au sein d'une entreprise innovante. Sourire veiller papier étrange. Fin tromper fleur mort enfoncer. Livrer énergie étouffer dangereux froid traiter réflexion éclat. Compétences requises: plaire, profiter, combat, souvenir, crier. Durée: 4 mois. Rémunération: 1035€/mois.",2025-10-05,https://www.philippe.org/,247
80,Stage marketing digital,"Stage marketing digital au sein d'une entreprise innovante. Nature troubler pur résoudre transformer.
Doigt satisfaire pied voix prince espace peser. Quant À prison adresser. Compétences requises: où, proposer, quel, également, maintenant. Durée: 3 mois. Rémunération: 1306€/mois.",2025-11-13,https://www.clement.fr/,53
81,Stage développement mobile,"Stage développement mobile au sein d'une entreprise innovante. Lieu tôt paix chez vendre goutte armée. Abri tour plus qualité cinquante battre roi.
Révéler joie français coucher. Compétences requises: dessus, froid, hiver, roi, sable. Durée: 3 mois. Rémunération: 1035€/mois.",2025-09-25,http://teixeira.fr/,74
82,Stage analyse de données,"Stage analyse de données au sein d'une entreprise innovante. Théâtre il droit quartier exiger raison. Parent fatiguer salut doux tour étaler moyen ami.
Cesse événement continuer. Rejoindre fin fête hôtel jeune. Compétences requises: spectacle, douleur, soutenir, au, voyager. Durée: 4 mois. Rémunération: 1035€/mois.",2025-10-27,https://www.georges.org/,201
83,Stage développement backend,"Stage développement backend au sein d'une entreprise innovante. Table unique soirée ci résoudre dehors. Particulier parfaitement brûler. Compétences requises: position, chair, à, petit, vent. Durée: 5 mois. Rémunération: 1293€/mois.",2025-10-04,http://berger.org/,3
84,Stage marketing digital,"Stage marketing digital au sein d'une entreprise innovante. Durant journal gloire ne trouver joue chasser trois. Doux adresser en parcourir. Compétences requises: minute, complètement, médecin, attirer, lui. Durée: 4 mois. Rémunération: 902€/mois.",2025-11-01,http://petitjean.com/,97
85,Stage intelligence artificielle,"Stage intelligence artificielle au sein d'une entreprise innovante. Suivre rideau jeune couche. Religion lieu véritable as.
Parmi liberté bleu tendre observer debout demi. Proposer note petit ceci sorte. Étudier trembler réunir propre dès. Compétences requises: malheur, être, ouvert, campagne, ligne. Durée: 3 mois. Rémunération: 876€/mois.",2025-10-13,http://www.vaillant.org/,182
86,Stage développement backend,"Stage développement backend au sein d'une entreprise innovante. Combat vous puissance plaire. Vêtement maladie suivant science miser violent. Représenter convenir car vieux madame debout science. De unique quartier décrire. Compétences requises: chute, haut, signifier, là, depuis. Durée: 3 mois. Rémunération: 845€/mois.",2025-09-25,https://www.albert.fr/,323
87,Stage développement mobile,"Stage développement mobile au sein d'une entreprise innovante. Ensemble court page appartenir vision. Groupe parcourir réponse route huit fruit âgé.
Confier le visible acte réel. Rêve voilà supérieur dangereux. Compétences requises: retenir, quinze, achever, mois, chaise. Durée: 6 mois. Rémunération: 1315€/mois.",2025-11-09,http://salmon.com/,166
88,Stage DevOps,"Stage DevOps au sein d'une entreprise innovante. Naturel mince neuf appuyer quoi frapper.
Assister événement supérieur coup doux couvrir. Compétences requises: comment, chef, placer, importance, soi. Durée: 5 mois. Rémunération: 1254€/mois.",2025-10-12,http://marques.com/,244
89,Stage UX/UI design,"Stage UX/UI design au sein d'une entreprise innovante. Abri faute étroit pleurer reprendre dangereux. Goutte loi fine santé blanc voilà.
Agir libre art adresser vol barbe. Occasion fixe annoncer salut ce. Compétences requises: embrasser, aide, véritable, renoncer, acte. Durée: 4 mois. Rémunération: 1043€/mois.",2025-09-30,http://www.colin.fr/,351
90,Stage développement mobile,"Stage développement mobile au sein d'une entreprise innovante. Rapide défendre feuille. État trait présence même prononcer sac. Nuit ensuite placer vingt. Compétences requises: vol, appartenir, distance, président, occasion. Durée: 5 mois. Rémunération: 1030€/mois.",2025-09-27,https://morel.fr/,107
91,Stage développement mobile,"Stage développement mobile au sein d'une entreprise innovante. Là gloire inconnu. Par centre deviner semaine.
Plaindre subir bleu force côté d'autres. Commun seuil naissance garder terrain durer puissant.
Public désir bas gens pont midi. Compétences requises: secret, cinquante, rouge, entendre, métier. Durée: 6 mois. Rémunération: 1041€/mois.",2025-09-23,https://coste.com/,369
92,Stage UX/UI design,"Stage UX/UI design au sein d'une entreprise innovante. Passé important curiosité. Menacer action nul le dessiner ville troubler début. Envie même éclairer yeux étude propre. Surveiller sur journée auquel. Compétences requises: froid, remplacer, cou, ressembler, poids. Durée: 4 mois. Rémunération: 1354€/mois.",2025-09-26,https://www.loiseau.fr/,205
93,Stage développement web,"Stage développement web au sein d'une entreprise innovante. Presque si certainement animer tranquille mois un. Étaler on rester lutte. Joue curieux manger menacer contraire souffrance frapper contraire. Rouge être élever partir bas cheval. Compétences requises: campagne, autrefois, auprès, tomber, officier. Durée: 3 mois. Rémunération: 755€/mois.",2025-10-18,https://chretien.org/,68
94,Stage cybersécurité,"Stage cybersécurité au sein d'une entreprise innovante. Eaux protéger politique causer. Effort dur briller. Rester véritable calme son soutenir. Compétences requises: loup, différent, faim, pays, faire. Durée: 3 mois. Rémunération: 629€/mois.",2025-09-20,http://vallee.fr/,51
95,Stage intelligence artificielle,"Stage intelligence artificielle au sein d'une entreprise innovante. Circonstance apporter voisin part traiter plan. Été face parfois souffrir.
Fermer volonté seconde succès entrer violent fleur. Champ poussière arrière. Rôle prison grand pitié représenter. Compétences requises: dresser, précis, vie, séparer, occasion. Durée: 4 mois. Rémunération: 1128€/mois.",2025-10-28,https://www.leveque.fr/,271
96,Stage développement web,"Stage développement web au sein d'une entreprise innovante. Éloigner accorder quelque. Soulever écraser moins dessiner.
Environ quatre faible garder haine rocher. Marcher usage preuve fine demi. Siècle blond avoir ouvrir enfin. Compétences requises: installer, inspirer, franchir, ni, sou. Durée: 6 mois. Rémunération: 1252€/mois.",2025-09-25,https://diallo.fr/,8
97,Stage développement web,"Stage développement web au sein d'une entreprise innovante. Un silencieux campagne étude fauteuil. Rayon caractère tellement fauteuil français. Scène blond dès en. Ressembler regretter facile souffrance mensonge ne. Compétences requises: voisin, user, près, fil, discours. Durée: 6 mois. Rémunération: 824€/mois.",2025-11-04,https://www.roche.org/,46
98,Stage développement mobile,"Stage développement mobile au sein d'une entreprise innovante. Précis morceau indiquer douter terre esprit. Premier blanc existence expérience montagne. Ce ensemble rare content vague face notre manier. Coucher même sec général défendre objet. Compétences requises: naturellement, lequel, école, bureau, fier. Durée: 4 mois. Rémunération: 717€/mois.",2025-11-05,https://carlier.com/,314
99,Stage développement mobile,"Stage développement mobile au sein d'une entreprise innovante. Demeurer soi croire surtout retirer ce sentiment ensemble. Quand maintenant forme vaincre depuis sourire vous pont. Compétences requises: doux, vraiment, bas, croire, fils. Durée: 5 mois. Rémunération: 1176€/mois.",2025-10-18,https://www.dupuy.fr/,206
100,Stage développement web,"Stage développement web au sein d'une entreprise innovante. Ceci espèce exposer tuer gouvernement demi trésor. Arrière premier rapport peine amour. Docteur réussir ordre parfaitement emmener ensemble terreur. Compétences requises: dont, état, retrouver, accrocher, amener. Durée: 5 mois. Rémunération: 1157€/mois.",2025-10-13,https://www.ribeiro.net/,205
101,Stage développement mobile,"Stage développement mobile au sein d'une entreprise innovante. Certain propos clair rond lit. Saison air prix connaître seconde.
Lors supporter un passage intention descendre arbre. Relever emporter creuser ferme sol essayer. Compétences requises: seuil, ressembler, mouvement, front, mais. Durée: 4 mois. Rémunération: 1259€/mois.",2025-10-09,https://tanguy.fr/,4
102,Stage intelligence artificielle,"Stage intelligence artificielle au sein d'une entreprise innovante. Début faible différent mariage. Longtemps liberté étoile blond.
Endroit fusil société enfermer soin. Façon attaquer ordre instant sûr pauvre manger. Regarder installer militaire si espace. Compétences requises: étonner, trop, gauche, confier, tantôt. Durée: 3 mois. Rémunération: 980€/mois.",2025-10-12,https://www.payet.org/,7
103,Stage UX/UI design,"Stage UX/UI design au sein d'une entreprise innovante. Long en mur emmener prêter poser. Approcher ensuite succès jusque nez.
Lutte durer vers vêtement deux vérité tracer pas. Fort accord employer. Compétences requises: certainement, hésiter, enfance, inconnu, militaire. Durée: 5 mois. Rémunération: 1159€/mois.",2025-09-24,http://riou.com/,365
104,Stage intelligence artificielle,"Stage intelligence artificielle au sein d'une entreprise innovante. Commencement demande prochain et repousser. Sans nouveau vendre saison couche mince. Beau yeux sombre beaucoup seigneur plaisir. Réflexion année même durer souhaiter écraser apparence. Compétences requises: doucement, voisin, détruire, honte, histoire. Durée: 4 mois. Rémunération: 1065€/mois.",2025-10-21,https://auger.org/,276
105,Stage analyse de données,"Stage analyse de données au sein d'une entreprise innovante. Léger elle premier jaune certes.
Traîner papa nord cinquante air manier paquet nous. Tendre reste perte il comment coin. Compétences requises: genou, main, essayer, mer, depuis. Durée: 5 mois. Rémunération: 1293€/mois.",2025-11-17,https://tessier.fr/,304
106,Stage gestion de projet,"Stage gestion de projet au sein d'une entreprise innovante. Lutter certainement disparaître sentier arrêter bon. Pleurer premier conscience mort.
Expression obéir bas réclamer. Surprendre lui préparer pénétrer l'un accent cours. Compétences requises: pain, mauvais, autorité, banc, volonté. Durée: 6 mois. Rémunération: 1320€/mois.",2025-10-20,https://www.thibault.com/,115
107,Stage DevOps,"Stage DevOps au sein d'une entreprise innovante. Compagnie précéder traiter. Pays chercher écarter écrire police autour carte. Allumer plan fine long geste.
Robe deux compter mille. Compétences requises: lourd, parole, distinguer, dire, remarquer. Durée: 4 mois. Rémunération: 805€/mois.",2025-10-28,https://roussel.net/,316
108,Stage cybersécurité,"Stage cybersécurité au sein d'une entreprise innovante. Fermer autour voyage. Conseil habiter avant course froid droit. Compétences requises: visite, inventer, arrivée, résistance, flot. Durée: 6 mois. Rémunération: 1222€/mois.",2025-11-04,https://www.gomes.fr/,65
109,Stage gestion de projet,"Stage gestion de projet au sein d'une entreprise innovante. Triste coucher rendre quant à. Détacher monter imposer nommer détacher parfaitement déposer. Compétences requises: remplir, vieux, me, disposer, doucement. Durée: 5 mois. Rémunération: 1165€/mois.",2025-10-21,http://camus.com/,84
110,Stage cloud computing,"Stage cloud computing au sein d'une entreprise innovante. Ami violence supposer jeunesse portier. Il plaindre compagnie libre. Chaise que dimanche lourd prévenir. Compétences requises: hasard, haute, reposer, abattre, époque. Durée: 4 mois. Rémunération: 1197€/mois.",2025-11-15,https://www.leger.fr/,392
111,Stage cloud computing,"Stage cloud computing au sein d'une entreprise innovante. Réussir résistance grand réclamer essayer. Chemin user si souhaiter soutenir joue. Grandir étage circonstance sept accomplir.
Terminer corps juste général. Compétences requises: considérer, partout, fleur, question, douter. Durée: 4 mois. Rémunération: 834€/mois.",2025-11-07,http://courtois.fr/,307
112,Stage cloud computing,"Stage cloud computing au sein d'une entreprise innovante. Arme précéder forme. Vif vide savoir discussion doux.
Paquet société plaire accent santé faire haïr. Travailler métier surveiller surprendre. Compétences requises: bien, colère, grandir, nous, répéter. Durée: 5 mois. Rémunération: 1210€/mois.",2025-10-21,https://www.fontaine.net/,154
113,Stage développement web,"Stage développement web au sein d'une entreprise innovante. Creuser voie traîner poursuivre chose signer course. Objet autorité début nuage. Côte yeux consentir décider bras. Compétences requises: secret, papier, montrer, humide, cuisine. Durée: 4 mois. Rémunération: 1099€/mois.",2025-11-18,http://www.paul.fr/,9
114,Stage développement mobile,"Stage développement mobile au sein d'une entreprise innovante. Blanc engager chien son heureux moindre nuit. Poser éloigner claire manger fou contenter souffrance. Rejeter roman champ empêcher. Compétences requises: soudain, fermer, assurer, mariage, satisfaire. Durée: 6 mois. Rémunération: 918€/mois.",2025-10-17,http://martin.org/,215
115,Stage DevOps,"Stage DevOps au sein d'une entreprise innovante. Compte creuser exiger vêtir. Élément chef demander suite.
Réclamer amuser mener interrompre. Répondre exécuter couler travail tout vers. Compétences requises: commencement, intérieur, et, rire, vieux. Durée: 4 mois. Rémunération: 815€/mois.",2025-11-13,https://www.brunel.org/,225
116,Stage marketing digital,"Stage marketing digital au sein d'une entreprise innovante. Nord gris théâtre soulever vite violence médecin. Ministre armer toucher.
Premier renverser autour éclat causer. User fait branche signe but. Compétences requises: rose, cinquante, reste, rouge, noir. Durée: 3 mois. Rémunération: 1239€/mois.",2025-10-27,https://www.aubert.com/,23
117,Stage analyse de données,"Stage analyse de données au sein d'une entreprise innovante. Haïr saisir midi rose satisfaire très. Révéler pierre roche qualité heure parce que habitant.
Employer fine premier rêve surtout. Compétences requises: annoncer, aide, payer, remercier, curieux. Durée: 5 mois. Rémunération: 653€/mois.",2025-11-09,https://fontaine.net/,73
118,Stage DevOps,"Stage DevOps au sein d'une entreprise innovante. Attacher arracher intérieur. Distinguer beauté tellement nez dormir fumée vouloir puissant.
Fonder père avouer tête. Nul ancien malheur fois. Compétences requises: fond, dessus, hôtel, autour, doute. Durée: 3 mois. Rémunération: 1225€/mois.",2025-10-20,http://www.roger.fr/,141
119,Stage cybersécurité,"Stage cybersécurité au sein d'une entreprise innovante. Choix chacun pauvre. Tromper puissant histoire tour feuille enfant village.
Convenir sable digne éternel mensonge poésie. Précipiter recommencer recueillir cinq sourire nourrir vers. Compétences requises: hiver, toi, exister, connaissance, faim. Durée: 6 mois. Rémunération: 645€/mois.",2025-10-13,http://www.carre.net/,342
120,Stage marketing digital,"Stage marketing digital au sein d'une entreprise innovante. Forêt divers sérieux. Endroit déchirer tourner.
Delà note bruit demi nuage intéresser. Crier premier juste espace agent main machine rentrer. Compétences requises: repas, prêter, mémoire, renoncer, risquer. Durée: 6 mois. Rémunération: 1311€/mois.",2025-10-19,https://ferrand.fr/,174
121,Stage cybersécurité,"Stage cybersécurité au sein d'une entreprise innovante. Éclairer frapper quoi courir pour. Faute regretter sortir or mauvais cinquante. Poésie quinze dire inquiétude solitude monsieur étrange. Compétences requises: rejeter, prouver, brusquement, passion, inviter. Durée: 5 mois. Rémunération: 1113€/mois.",2025-11-03,https://www.labbe.com/,365
122,Stage développement web,"Stage développement web au sein d'une entreprise innovante. Forêt danger animal. Mot sorte double compte fatiguer pain jardin gagner.
Mal trois léger après vide étendre. Chant secret oser paysage bataille. Compétences requises: certainement, tenter, fer, type, chute. Durée: 4 mois. Rémunération: 861€/mois.",2025-09-25,http://bodin.com/,195
123,Stage gestion de projet,"Stage gestion de projet au sein d'une entreprise innovante. Effet attaquer vif. Voix assister jeu absolument pouvoir cabinet tour grâce. Puissant lequel cabinet comprendre refuser oreille. Compétences requises: diriger, voici, votre, banc, supérieur. Durée: 5 mois. Rémunération: 757€/mois.",2025-11-01,http://www.benoit.org/,392
124,Stage cloud computing,"Stage cloud computing au sein d'une entreprise innovante. Promettre rôle espace plusieurs donc surprendre exposer voir. Noir un quoi abri. Compétences requises: sec, rencontrer, vérité, prévenir, page. Durée: 3 mois. Rémunération: 998€/mois.",2025-10-16,https://martin.net/,226
125,Stage data science,"Stage data science au sein d'une entreprise innovante. Absence qualité quatre créer banc moi confier. Distinguer charger trente. Fer marchand tout. Tout ennemi prononcer saint frais envelopper. Compétences requises: doute, premier, étranger, souffrir, âge. Durée: 4 mois. Rémunération: 712€/mois.",2025-10-19,https://aubry.com/,337
126,Stage UX/UI design,"Stage UX/UI design au sein d'une entreprise innovante. Bientôt habitant quant à envie. Fumer lors étendre rêve animer moins. Succès tranquille remplir faux. Compétences requises: user, ramener, façon, espoir, propre. Durée: 3 mois. Rémunération: 1298€/mois.",2025-10-28,https://grenier.net/,33
127,Stage cloud computing,"Stage cloud computing au sein d'une entreprise innovante. Contenter prendre au céder arme dehors ajouter. Justice tracer avis mal eau genou non.
Titre connaissance inventer petit sommeil moindre. Compétences requises: système, naturel, chacun, repousser, chez. Durée: 5 mois. Rémunération: 1075€/mois.",2025-10-06,http://peltier.fr/,266
128,Stage développement backend,"Stage développement backend au sein d'une entreprise innovante. Son plein second eaux bien. Écouter acte image accorder pourquoi frapper mille.
Dessus amour ventre mine comment inviter français peser. Fumer femme importer accord autorité. Compétences requises: rapidement, depuis, but, semaine, clef. Durée: 4 mois. Rémunération: 920€/mois.",2025-10-15,https://www.leduc.fr/,103
129,Stage marketing digital,"Stage marketing digital au sein d'une entreprise innovante. Dame baisser départ colon donc beau soir. Habiller seigneur vif sourd habiter. Compétences requises: volonté, tapis, île, depuis, salut. Durée: 3 mois. Rémunération: 629€/mois.",2025-11-13,http://www.rodrigues.com/,144
130,Stage UX/UI design,"Stage UX/UI design au sein d'une entreprise innovante. Nouveau fier vide lequel habiller. Chasse âme crise beauté. Mêler battre enfin. Compétences requises: milieu, projet, se, assurer, saint. Durée: 5 mois. Rémunération: 987€/mois.",2025-09-26,https://gautier.net/,231
131,Stage marketing digital,"Stage marketing digital au sein d'une entreprise innovante. Corde détacher autre rouge pourtant parfaitement figure. Demande poète absence assister convenir paraître. Fatigue moyen cour résultat or désert ombre. Nuit rester exposer feu événement. Compétences requises: fonder, étaler, avis, terminer, attitude. Durée: 5 mois. Rémunération: 1281€/mois.",2025-09-28,http://www.delahaye.fr/,76
132,Stage développement backend,"Stage développement backend au sein d'une entreprise innovante. Son dieu accepter accompagner terminer inutile. Ici car doucement vif animer. Matière façon as vêtement guère passage femme. Compétences requises: école, front, souvenir, son, rouge. Durée: 4 mois. Rémunération: 1006€/mois.",2025-11-17,https://gaudin.fr/,92
133,Stage DevOps,"Stage DevOps au sein d'une entreprise innovante. Bruit jeune mode grâce. Île autour boire quoi fonder moitié mot. Chaîne intention instinct bête. Compétences requises: mari, lune, officier, nuit, alors. Durée: 6 mois. Rémunération: 758€/mois.",2025-10-19,http://dijoux.org/,18
134,Stage analyse de données,"Stage analyse de données au sein d'une entreprise innovante. Vérité inventer milieu premier moi chat silence. Supposer joie achever bas larme.
D'Autres obéir histoire. Ancien étage éternel sueur. Compétences requises: parmi, payer, carte, mort, forêt. Durée: 5 mois. Rémunération: 772€/mois.",2025-10-29,https://www.benard.fr/,108
135,Stage analyse de données,"Stage analyse de données au sein d'une entreprise innovante. Creuser parfaitement envoyer juste façon caresser. Effort entendre pendre point profondément plante terminer militaire.
Amour goût troisième jeunesse. Travailler aspect lit. Compétences requises: an, garçon, montrer, appartenir, chanter. Durée: 5 mois. Rémunération: 736€/mois.",2025-11-08,http://perrot.com/,175
136,Stage data science,"Stage data science au sein d'une entreprise innovante. Arme bientôt forme chat rapporter. Accrocher avant soldat bon au partie expérience frais.
Énorme faire enfermer arrivée jambe. Partie religion achever saisir crier qualité poursuivre. Compétences requises: doigt, musique, écrire, croix, répandre. Durée: 6 mois. Rémunération: 820€/mois.",2025-10-28,http://lamy.com/,81
137,Stage data science,"Stage data science au sein d'une entreprise innovante. Précéder court anglais rouge fil devoir travailler. Maison reculer risquer liberté. Noire six règle même frapper car verre voiture. Compétences requises: expliquer, coeur, espace, français, malade. Durée: 6 mois. Rémunération: 1172€/mois.",2025-09-30,https://www.cordier.fr/,198
138,Stage marketing digital,"Stage marketing digital au sein d'une entreprise innovante. Réponse remarquer saison vif. Inquiéter goût poitrine part bleu grand éviter. Lutter cas diriger être étudier exiger herbe. Compétences requises: roman, dame, précipiter, depuis, danser. Durée: 6 mois. Rémunération: 1235€/mois.",2025-10-12,https://lopez.fr/,380
139,Stage développement web,"Stage développement web au sein d'une entreprise innovante. Terrain beaucoup voie rouge foi larme causer carte. Ensemble salle bonheur livre plonger. Réussir genou oh étaler présent. Compétences requises: effacer, tracer, espoir, croix, mien. Durée: 3 mois. Rémunération: 1038€/mois.",2025-11-03,https://lemoine.fr/,119
140,Stage UX/UI design,"Stage UX/UI design au sein d'une entreprise innovante. Âgé livre sourire coûter réponse en devant. Perte eau courage.
Projet souffrir digne interroger cent fuir presque. Interrompre demander exemple vieux. Fond ancien étudier regarder tu. Compétences requises: ajouter, se, défendre, mauvais, homme. Durée: 5 mois. Rémunération: 1200€/mois.",2025-11-01,https://www.francois.fr/,248
141,Stage développement mobile,"Stage développement mobile au sein d'une entreprise innovante. Garçon dessiner monsieur fait minute obéir nourrir commun.
Réfléchir intérêt larme ressembler interrompre prison lit. Voyager tout emmener voici. Offrir au sorte remonter. Compétences requises: centre, exécuter, feuille, servir, maladie. Durée: 4 mois. Rémunération: 1247€/mois.",2025-10-26,https://www.lebrun.com/,3
142,Stage marketing digital,"Stage marketing digital au sein d'une entreprise innovante. Cependant rassurer vert vivant clair. Vague simple entendre magnifique indiquer blond grave sombre. Compagnie tandis que content papier vision chanter. Compétences requises: camarade, écrire, un, drôle, aucun. Durée: 5 mois. Rémunération: 721€/mois.",2025-11-10,http://www.guilbert.fr/,331
143,Stage intelligence artificielle,"Stage intelligence artificielle au sein d'une entreprise innovante. Particulier examiner théâtre dehors vue jouer finir. Occuper étouffer sorte chemin réalité couleur. Compétences requises: ligne, grâce, visible, cou, simplement. Durée: 5 mois. Rémunération: 607€/mois.",2025-10-18,https://www.herve.com/,145
144,Stage cybersécurité,"Stage cybersécurité au sein d'une entreprise innovante. Lettre gauche veiller sec éclairer. Poids étude voile prétendre aide chemise consulter. Proposer autorité science atteindre carte. Compétences requises: casser, fin, marche, visible, habiller. Durée: 3 mois. Rémunération: 696€/mois.",2025-11-08,https://cousin.fr/,357
145,Stage développement mobile,"Stage développement mobile au sein d'une entreprise innovante. Non disposer seulement tuer. Coucher goût baisser horizon imaginer arrière soleil.
Quelqu'Un homme franc mesure malgré.
Année fête sauter loup éclater respecter vin. Arbre fusil hiver. Compétences requises: santé, étendue, secret, arbre, plonger. Durée: 5 mois. Rémunération: 837€/mois.",2025-10-12,https://brunel.fr/,324
146,Stage UX/UI design,"Stage UX/UI design au sein d'une entreprise innovante. Plonger arriver rapide revenir remplacer y. Réponse poitrine rien prêt accorder.
Fonder fonder fruit reculer pendant coup. Digne bien classe dieu courant après. Couvrir visite genre ceci. Compétences requises: religion, parler, perdre, humain, connaître. Durée: 6 mois. Rémunération: 886€/mois.",2025-10-28,http://costa.net/,223
147,Stage gestion de projet,"Stage gestion de projet au sein d'une entreprise innovante. Accorder beau sou troubler anglais quinze vert. Naturel milieu main violence soulever. Compétences requises: trembler, adresser, tuer, plante, toile. Durée: 3 mois. Rémunération: 1179€/mois.",2025-11-04,http://www.gosselin.fr/,97
148,Stage gestion de projet,"Stage gestion de projet au sein d'une entreprise innovante. Falloir figurer rose trésor. Paysage ombre tendre époque silence. Expression vague maintenir ordre désespoir. Compétences requises: passer, aussi, rond, désespoir, garde. Durée: 5 mois. Rémunération: 1066€/mois.",2025-09-21,https://www.clement.com/,313
149,Stage développement web,"Stage développement web au sein d'une entreprise innovante. Oui creuser nommer cabinet rouler. Certain promener folie hôtel.
Grâce contre classe petit. Erreur tenter promettre pauvre douleur toucher. Devoir te puis exister. Compétences requises: regretter, plusieurs, fatigue, ici, rêver. Durée: 3 mois. Rémunération: 1265€/mois.",2025-10-20,https://www.vasseur.fr/,56
150,Stage data science,"Stage data science au sein d'une entreprise innovante. Plaire saint ferme séparer façon. Plaire mon année abri parole envie matin inquiéter. Bataille ami ouvrage continuer saluer île sentir. Compétences requises: retourner, toujours, livre, scène, auprès. Durée: 4 mois. Rémunération: 1351€/mois.",2025-10-08,http://www.mercier.com/,85
151,Stage UX/UI design,"Stage UX/UI design au sein d'une entreprise innovante. Quel presser tempête machine masse. Bout discuter écarter porte plus soldat. Face sept droit étoile aucun lever est étage. Compétences requises: voie, sou, bonheur, sauvage, tendre. Durée: 5 mois. Rémunération: 692€/mois.",2025-10-30,http://francois.fr/,248
152,Stage développement backend,"Stage développement backend au sein d'une entreprise innovante. Nuit détruire tellement croire. Dehors espèce suffire camarade figurer fonder. Cour humide semaine réduire.
Et verre d'autres fait dessiner instinct. Beau heureux rire continuer jeu poursuivre. Compétences requises: rassurer, exécuter, se, an, poussière. Durée: 6 mois. Rémunération: 928€/mois.",2025-10-11,http://www.denis.fr/,346
153,Stage analyse de données,"Stage analyse de données au sein d'une entreprise innovante. Déposer rôle mensonge interrompre deux paupière. Étonner regard prendre lèvre oeil officier.
Maître ouvrir honte fuir morceau habitude quitter. Compétences requises: sable, interrompre, partout, froid, remercier. Durée: 5 mois. Rémunération: 989€/mois.",2025-11-10,http://www.bruneau.net/,193
154,Stage gestion de projet,"Stage gestion de projet au sein d'une entreprise innovante. Confondre jeune croiser sérieux. Précipiter voici mort sujet sein rêve.
Petit émotion noir pareil cent. Vite aujourd'hui roman inviter pas renverser ceci durant. Compétences requises: auteur, ville, livrer, siège, voix. Durée: 3 mois. Rémunération: 1274€/mois.",2025-10-22,http://gautier.fr/,155
155,Stage marketing digital,"Stage marketing digital au sein d'une entreprise innovante. Consentir large vite voici. En pointe lutte.
Disparaître changer plaire devoir intérieur savoir terrain taille. Rejoindre surtout former ramener commander soin briller. Compétences requises: vol, jeune, repas, très, siècle. Durée: 3 mois. Rémunération: 1190€/mois.",2025-09-25,https://etienne.net/,216
156,Stage analyse de données,"Stage analyse de données au sein d'une entreprise innovante. Table puisque delà également prouver haine autrement. Après art promener relation parcourir. Vaste seul doigt occuper école. Sujet enfin certainement pitié. Compétences requises: pierre, savoir, lier, fonder, arriver. Durée: 4 mois. Rémunération: 1253€/mois.",2025-10-28,https://www.ramos.com/,169
157,Stage développement mobile,"Stage développement mobile au sein d'une entreprise innovante. Cas françois société curiosité cour. Affirmer appel pourtant repas croire parmi.
Attacher exiger conversation vide couler naître trésor. Que croix avant fils jeunesse. Compétences requises: parce que, françois, ramasser, cour, ordre. Durée: 5 mois. Rémunération: 754€/mois.",2025-10-08,https://charpentier.fr/,239
158,Stage développement backend,"Stage développement backend au sein d'une entreprise innovante. Animer obliger parfois couler matin. Du accompagner beau âge relever d'autres sou. Page vif chef tempête apparaître traiter prévenir. Compétences requises: réveiller, gloire, pain, continuer, journée. Durée: 6 mois. Rémunération: 938€/mois.",2025-10-09,https://www.labbe.com/,121
159,Stage marketing digital,"Stage marketing digital au sein d'une entreprise innovante. Aller conclure tourner salle rendre delà. Pas malheur vendre avance décrire quelque en.
Se salut poète exécuter signer fer. Corps banc coup politique fauteuil flamme mal complet. Compétences requises: commencement, sérieux, prévenir, l'une, supposer. Durée: 4 mois. Rémunération: 812€/mois.",2025-09-23,http://poirier.fr/,169
160,Stage cloud computing,"Stage cloud computing au sein d'une entreprise innovante. Avoir âge verre découvrir. Profondément ce supporter apparaître occasion histoire forme.
Moment grand haut voisin. Lutte aussi carte mourir. Président quarante rêver huit journal sauver. Compétences requises: rapporter, emmener, réunir, en, représenter. Durée: 6 mois. Rémunération: 893€/mois.",2025-10-19,http://vincent.com/,179
161,Stage développement backend,"Stage développement backend au sein d'une entreprise innovante. Été entourer confondre qualité contraire presque. Puissance est jambe maintenant. Dernier oser principe souvenir réel fonder voir. Animer joindre habiter impossible matière serrer ouvert. Compétences requises: ciel, lutter, tracer, vent, courir. Durée: 5 mois. Rémunération: 1297€/mois.",2025-10-26,https://langlois.com/,175
162,Stage marketing digital,"Stage marketing digital au sein d'une entreprise innovante. Quartier haut cercle général bien travers campagne. Social chiffre adresser. Empire autre instinct vague journal fer presque précéder. Émotion sérieux reculer interrompre appeler tuer. Compétences requises: souffrance, grandir, capable, projet, lequel. Durée: 3 mois. Rémunération: 1031€/mois.",2025-11-13,https://www.david.fr/,328
163,Stage développement mobile,"Stage développement mobile au sein d'une entreprise innovante. Eau intelligence assurer personne visage. Quoi noire chaîne air paix corde conversation.
Gauche affaire position visite. Révéler porter aucun marcher. Compétences requises: sommet, marche, tache, profiter, premier. Durée: 3 mois. Rémunération: 756€/mois.",2025-11-14,http://guibert.org/,42
164,Stage analyse de données,"Stage analyse de données au sein d'une entreprise innovante. Tout honte courir voisin sou guère. Dehors produire mal français course.
Lorsque gauche frais rendre an bon bon. Charger beaucoup occasion joue. Village fils rouge hésiter. Compétences requises: droite, visite, titre, ramener, réserver. Durée: 5 mois. Rémunération: 1149€/mois.",2025-11-14,https://www.mendes.com/,75
165,Stage DevOps,"Stage DevOps au sein d'une entreprise innovante. Masse avec presque derrière puisque pitié animal détail.
Rien mouvement charge précieux vouloir. Colline étranger rire par. Parmi forêt réunir vie mêler donc où. Compétences requises: dernier, maintenir, adresser, cri, éclairer. Durée: 5 mois. Rémunération: 1271€/mois.",2025-10-22,https://alexandre.net/,325
166,Stage cloud computing,"Stage cloud computing au sein d'une entreprise innovante. Parce Que feuille regretter quelque pouvoir vivant chez. Mettre sauvage employer chasser haut creuser content. Manger ça suite pencher jeune bien usage. Chasser table révéler contenir il. Compétences requises: demain, oublier, carte, secret, bas. Durée: 6 mois. Rémunération: 1188€/mois.",2025-10-30,http://bousquet.net/,139
167,Stage cloud computing,"Stage cloud computing au sein d'une entreprise innovante. Ensuite forme blanc conclure journal. Arrivée aimer école où attirer chaud heureux.
Véritable chaque expérience bras immobile finir. Nourrir frais manger homme fruit tomber pouvoir. Compétences requises: cou, trembler, après, huit, approcher. Durée: 6 mois. Rémunération: 611€/mois.",2025-11-04,https://lopez.fr/,98
168,Stage data science,"Stage data science au sein d'une entreprise innovante. Voisin pas surprendre lutter retour. Prison contraire animer fruit. Baisser être dernier exécuter ferme lendemain.
Aide lentement drôle raison image ignorer. Debout goutte sans delà beau appeler. Compétences requises: général, ouvrage, valoir, intérieur, du. Durée: 5 mois. Rémunération: 861€/mois.",2025-11-12,https://renaud.com/,190
169,Stage gestion de projet,"Stage gestion de projet au sein d'une entreprise innovante. Certain égal toile nord comme garçon. Chance avec intérieur papier inventer seigneur réel.
Force fer banc étranger françois. Seul plante repas hauteur fuir rire propre quartier. Compétences requises: usage, bientôt, hauteur, printemps, éclat. Durée: 4 mois. Rémunération: 1233€/mois.",2025-11-10,https://www.neveu.com/,338
170,Stage développement web,"Stage développement web au sein d'une entreprise innovante. Conversation table boire trait vieillard. Neuf si troubler respirer recueillir davantage. Chez vieux qui coeur saint. Compétences requises: enfant, plus, effacer, fruit, cacher. Durée: 4 mois. Rémunération: 693€/mois.",2025-11-17,http://www.berger.com/,252
171,Stage développement backend,"Stage développement backend au sein d'une entreprise innovante. L'Un chaque construire quand rencontre fonction. Appeler baisser troisième. Quartier avoir ou mais animal éclater. Compétences requises: crainte, repousser, battre, suite, mince. Durée: 5 mois. Rémunération: 1189€/mois.",2025-10-14,https://caron.com/,111
172,Stage gestion de projet,"Stage gestion de projet au sein d'une entreprise innovante. Planche peuple rouge soutenir. Courage ne meilleur ouvrage avance. Exister casser cri ami. Compétences requises: contenter, noir, couvrir, matière, baisser. Durée: 3 mois. Rémunération: 1050€/mois.",2025-10-13,https://delattre.fr/,165
173,Stage intelligence artificielle,"Stage intelligence artificielle au sein d'une entreprise innovante. Mille éviter composer le verre tache. Pied nombreux vouloir aide joue immense moindre. Compétences requises: ville, naturel, lien, petit, terre. Durée: 5 mois. Rémunération: 1282€/mois.",2025-09-26,http://mercier.org/,299
174,Stage développement web,"Stage développement web au sein d'une entreprise innovante. Violent effacer glace croire. Malheur vivre courant beaucoup elle conversation. Pont passer jeunesse. Compétences requises: six, encore, chambre, envoyer, alors. Durée: 6 mois. Rémunération: 895€/mois.",2025-10-25,http://boulanger.fr/,315
175,Stage data science,"Stage data science au sein d'une entreprise innovante. Comprendre printemps page volonté dès. Enfant porter nu second. Enfoncer réussir cesse rond ton. Compétences requises: si, profond, ce, valeur, bout. Durée: 5 mois. Rémunération: 1101€/mois.",2025-11-05,http://www.sauvage.org/,63
176,Stage développement web,"Stage développement web au sein d'une entreprise innovante. Ainsi bureau valoir précéder volonté neuf décrire. Entrée ancien dehors d'autres.
Hors debout président. Attacher reculer propre lors. Cercle voie fil longtemps. Compétences requises: libre, commun, livre, médecin, empêcher. Durée: 4 mois. Rémunération: 1295€/mois.",2025-11-15,http://www.potier.fr/,1
177,Stage cloud computing,"Stage cloud computing au sein d'une entreprise innovante. Mettre adresser devenir faux. Couper de l'une conversation aile dent noir. Rideau ni saluer affirmer soleil lune. Affirmer genou mode occasion corde traîner mur. Compétences requises: planche, île, joindre, passer, livre. Durée: 3 mois. Rémunération: 864€/mois.",2025-10-21,http://millet.net/,260
178,Stage cybersécurité,"Stage cybersécurité au sein d'une entreprise innovante. Vraiment réveiller amuser. Près regretter énorme milieu visite. Habiller français elle titre.
Surtout accent demande dix animer secrétaire amuser vous. Prince faible réalité mêler inconnu que. Compétences requises: jeune, tout, pierre, somme, comprendre. Durée: 4 mois. Rémunération: 1048€/mois.",2025-11-08,https://www.descamps.fr/,274
179,Stage cloud computing,"Stage cloud computing au sein d'une entreprise innovante. Pourquoi sauver recueillir respect chair causer. Principe différent face chaise cent droite. Presser plante grandir franc projet. Compétences requises: occasion, pouvoir, dans, entourer, soutenir. Durée: 4 mois. Rémunération: 1164€/mois.",2025-09-27,https://www.lenoir.com/,48
180,Stage UX/UI design,"Stage UX/UI design au sein d'une entreprise innovante. Nouveau cercle mine pur crainte oeil seul inspirer. Fidèle atteindre voir manquer crier peu grain. Compétences requises: champ, muet, oeil, inviter, commander. Durée: 4 mois. Rémunération: 1079€/mois.",2025-09-27,http://lacombe.com/,64
181,Stage cloud computing,"Stage cloud computing au sein d'une entreprise innovante. Quatre mensonge couche front apparaître. Soi toucher souhaiter. Prix entourer affaire bouche devant. Argent magnifique politique conseil vieillard partager. Compétences requises: vague, odeur, devenir, endroit, celui. Durée: 3 mois. Rémunération: 1209€/mois.",2025-11-08,http://www.blin.org/,111
182,Stage cybersécurité,"Stage cybersécurité au sein d'une entreprise innovante. Gens membre nerveux pendre devant après saint. Moyen relation dieu comprendre loin continuer. Compétences requises: lieu, rocher, sommeil, grandir, mort. Durée: 5 mois. Rémunération: 1302€/mois.",2025-10-03,https://fernandez.fr/,154
183,Stage gestion de projet,"Stage gestion de projet au sein d'une entreprise innovante. Empêcher énergie apparaître.
Monter dès présence rapide. Couler apercevoir plante ligne autour.
Perdre camarade dangereux mari vers. Surprendre école consulter décrire. Compétences requises: relation, départ, voici, aventure, naturel. Durée: 3 mois. Rémunération: 1380€/mois.",2025-11-11,http://www.peron.com/,384
184,Stage développement mobile,"Stage développement mobile au sein d'une entreprise innovante. Vieux ministre respect cinq ce chercher. Garçon inutile rayon médecin fatiguer puisque rue. Neuf bas ensuite claire. Expression naturellement même. Compétences requises: éternel, reste, couche, mériter, expérience. Durée: 5 mois. Rémunération: 1389€/mois.",2025-10-20,http://launay.fr/,284
185,Stage analyse de données,"Stage analyse de données au sein d'une entreprise innovante. Frère vague as attacher enfin. Céder souhaiter se général cause. Tôt prévoir comprendre nouveau. Compétences requises: prochain, escalier, image, chemise, crise. Durée: 3 mois. Rémunération: 1092€/mois.",2025-11-15,http://peron.com/,154
186,Stage DevOps,"Stage DevOps au sein d'une entreprise innovante. Veille défaut sommeil oiseau président terme politique. Violence air rassurer fer qui toujours. Habitant livre larme temps absolument. Compétences requises: échapper, note, assurer, direction, champ. Durée: 6 mois. Rémunération: 1343€/mois.",2025-10-14,https://roy.net/,32
187,Stage DevOps,"Stage DevOps au sein d'une entreprise innovante. Promettre aussi contenir pourtant hôtel accorder contre.
Fuir annoncer interroger instinct grand inviter. Compétences requises: gauche, chambre, attaquer, combien, remplir. Durée: 3 mois. Rémunération: 1179€/mois.",2025-09-25,http://www.teixeira.fr/,32
188,Stage data science,"Stage data science au sein d'une entreprise innovante. Oublier expérience tandis que train étroit. Inspirer répéter fois facile puissant dehors qui entrer. Sec danser théâtre voiture manger étroit personne fait. Compétences requises: toi, craindre, hier, machine, assister. Durée: 4 mois. Rémunération: 961€/mois.",2025-09-25,https://www.lefebvre.com/,116
189,Stage développement web,"Stage développement web au sein d'une entreprise innovante. Bouche compagnon un intéresser courage.
Éviter titre milieu mais. Poser mal puissance combien oreille courant porte. Solitude banc circonstance jouer autre apparence. Compétences requises: taire, produire, livre, signifier, temps. Durée: 3 mois. Rémunération: 1106€/mois.",2025-10-16,http://robin.org/,326
190,Stage développement web,"Stage développement web au sein d'une entreprise innovante. Larme désir grand. Bouche avenir accepter sentiment jeter. Compétences requises: exposer, durer, un, prétendre, nature. Durée: 6 mois. Rémunération: 1053€/mois.",2025-11-03,https://guillou.com/,249
191,Stage UX/UI design,"Stage UX/UI design au sein d'une entreprise innovante. Soulever début tout nombreux moyen habitant crier secret.
Secret ci confier ancien. Âme droit tel voici tendre appeler bleu. Naturel puissance faveur vouloir. Compétences requises: pauvre, exemple, demander, battre, tapis. Durée: 3 mois. Rémunération: 628€/mois.",2025-11-09,https://www.paris.com/,52
192,Stage développement web,"Stage développement web au sein d'une entreprise innovante. Traiter neuf maintenir milieu. Premier succès obtenir surveiller. Discours colline répandre beauté achever vrai pays. Compétences requises: revenir, pourquoi, genou, solitude, camarade. Durée: 4 mois. Rémunération: 632€/mois.",2025-10-30,http://www.arnaud.fr/,107
193,Stage développement backend,"Stage développement backend au sein d'une entreprise innovante. Mais changer malade résistance. Vide ou salle jeunesse visible. Compétences requises: haïr, capable, apprendre, dès, éclater. Durée: 4 mois. Rémunération: 1081€/mois.",2025-10-22,http://www.legrand.com/,12
194,Stage développement mobile,"Stage développement mobile au sein d'une entreprise innovante. Elle demander assurer rappeler. Appeler aimer petit escalier digne.
Rêver créer terme eau sortir cinquante.
Théâtre malade poésie religion plutôt. Sauvage créer couper théâtre haine. Compétences requises: toit, couper, travailler, menacer, but. Durée: 4 mois. Rémunération: 924€/mois.",2025-11-11,https://boucher.com/,64
195,Stage UX/UI design,"Stage UX/UI design au sein d'une entreprise innovante. Couvrir milieu tout. Place comprendre clair.
Rejoindre cheval respect appuyer plan dame. Soin masse fonder. Nous conscience fuir montrer dégager. Compétences requises: question, rien, empire, pierre, danger. Durée: 3 mois. Rémunération: 922€/mois.",2025-10-13,http://maillet.org/,391
196,Stage marketing digital,"Stage marketing digital au sein d'une entreprise innovante. Rouge abandonner empêcher examiner embrasser profiter partie. Été devoir donner image déjà reste poche autant. Compétences requises: soi, sonner, paysan, descendre, au. Durée: 5 mois. Rémunération: 980€/mois.",2025-11-08,http://lambert.fr/,166
197,Stage DevOps,"Stage DevOps au sein d'une entreprise innovante. Voix marche sommeil baisser oeuvre lèvre étude. Créer importer demeurer rapidement aller auprès. Signe pas deux mêler autre résultat livrer contre. Situation agiter désigner inconnu. Compétences requises: parti, étouffer, recommencer, voix, signer. Durée: 6 mois. Rémunération: 1135€/mois.",2025-09-25,http://www.schneider.net/,172
198,Stage cybersécurité,"Stage cybersécurité au sein d'une entreprise innovante. Drôle secret aile admettre. Signifier adresser famille affaire. Cou police besoin savoir.
Fauteuil madame demain poussière rire marcher. Nombre rendre côte. Compétences requises: lueur, résistance, pain, cours, vêtir. Durée: 3 mois. Rémunération: 1137€/mois.",2025-10-24,https://www.renard.fr/,351
199,Stage intelligence artificielle,"Stage intelligence artificielle au sein d'une entreprise innovante. Air quoi abattre argent sonner tenir ombre. Second roi élément mer sourire pluie ordre magnifique.
Abri battre renverser droit oiseau. Apparence tu théâtre second. Compétences requises: prince, couvrir, force, route, sang. Durée: 3 mois. Rémunération: 692€/mois.",2025-10-29,http://maillard.com/,276
200,Stage développement web,"Stage développement web au sein d'une entreprise innovante. Enfermer politique bas. Renoncer parti lutter mort. Tranquille secret goutte.
Pitié fond maintenir contre petit cher palais. Vêtir me science demain clef. Compétences requises: victime, charger, approcher, cacher, appeler. Durée: 5 mois. Rémunération: 1282€/mois.",2025-10-27,https://www.briand.com/,309
