url,Titre,Ville,Pays,ID,Type,Date de publication,Texte de l'offre,entreprise
https://careers.loreal.com/fr_FR/jobs/JobDetail/Stage-de-3-mois-minimum-partir-de-Janvier-2026-Nov-al-site-Mourenx-Pyr-n-es-Atlantiques-Bac-2-3-Gratification-selon-niveau-de-dipl-me/223831,Stage de 3 mois minimum - À partir de Janvier 2026 – Novéal site Mourenx Pyrénées Atlantiques - Bac +2/3 – Gratification selon niveau de diplôme,Pau,France,223831,Stage,2025-10-30,"Stage
                                                                                    







                                                                                            Aquitaine-Limousin-Poitou-Charentes
                                                                                    







                                                                                            Pau
                                                                                    







                                                                                            Quality
                                                                                    







                                                                                            Temps plein
                                                                                    







                                                                                            30-oct-2025",L'Oréal
https://careers.loreal.com/fr_FR/jobs/JobDetail/Stage-de-6-mois-Ing-nieur-e-EHS-Sant-S-curit-partir-de-Janvier-2026-Nov-al-site-Mourenx-Pyr-n-es-Atlantiques-Bac-4-5-1700-mensuels/226736,Stage de 6 mois - Ingénieur(e) EHS Santé Sécurité - À partir de Janvier 2026 – Novéal site Mourenx Pyrénées Atlantiques - Bac +4/5 – 1700€ mensuels,Pau,France,226736,Stage,2025-12-01,"Stage
                                                                                    







                                                                                            Aquitaine-Limousin-Poitou-Charentes
                                                                                    







                                                                                            Pau
                                                                                    







                                                                                            EHS & Facilities
                                                                                    







                                                                                            Temps plein
                                                                                    







                                                                                            01-déc-2025",L'Oréal
https://careers.loreal.com/fr_FR/jobs/JobDetail/STAGE-6-MOIS-PARTIR-D-BUT-MARS-2026-Ing-nieur-Planification-long-terme-Aulnay-sous-Bois-Master-2-1700/221392,STAGE 6 MOIS - À PARTIR DÉBUT MARS 2026 - Ingénieur Planification long terme - Aulnay sous Bois - Master 2 - 1700€,Aulnay-sous-Bois,France,221392,Stage,2026-03-02,"Stage
                                                                                    







                                                                                            Île-de-France
                                                                                    







                                                                                            Aulnay-sous-Bois
                                                                                    







                                                                                            Fonctions administratives / assistanat
                                                                                    







                                                                                            Temps plein
                                                                                    







                                                                                            02-mar-2026",L'Oréal
https://careers.loreal.com/fr_FR/jobs/JobDetail/STAGE-6-MOIS-partir-de-mars-2026-Flux-QHSE-CAUDRY-INGENIEUR-1-700-mensuel/218042,STAGE 6 MOIS - À partir de mars 2026 – Flux QHSE - CAUDRY– INGENIEUR – 1 700 € mensuel,Cambrai,France,218042,Stage,2026-02-03,"Stage
                                                                                    







                                                                                            Nord-Pas-de-Calais-Picardie
                                                                                    







                                                                                            Cambrai
                                                                                    







                                                                                            Fonctions administratives / assistanat
                                                                                    







                                                                                            Temps plein
                                                                                    







                                                                                            03-fév-2026",L'Oréal
https://careers.loreal.com/fr_FR/jobs/JobDetail/STAGE-6-MOIS-partir-de-janvier-2026-Performance-CAUDRY-INGENIEUR-1-700-mensuel/218040,STAGE 6 MOIS - À partir de janvier 2026 – Performance - CAUDRY– INGENIEUR – 1 700 € mensuel,Cambrai,France,218040,Stage,2026-01-26,"Stage
                                                                                    







                                                                                            Nord-Pas-de-Calais-Picardie
                                                                                    







                                                                                            Cambrai
                                                                                    







                                                                                            Manufacturing
                                                                                    







                                                                                            Temps plein
                                                                                    







                                                                                            26-jan-2026",L'Oréal
https://careers.loreal.com/fr_FR/jobs/JobDetail/STAGE-6-MOIS-partir-de-avril-2026-Performance-CAUDRY-INGENIEUR-1-700-mensuel/225232,STAGE 6 MOIS - À partir de avril 2026 – Performance - CAUDRY– INGENIEUR – 1 700 € mensuel,Cambrai,France,225232,Stage,2026-01-12,"Stage
                                                                                    







                                                                                            Nord-Pas-de-Calais-Picardie
                                                                                    







                                                                                            Cambrai
                                                                                    







                                                                                            Manufacturing
                                                                                    







                                                                                            Temps plein
                                                                                    







                                                                                            12-jan-2026",L'Oréal
https://careers.loreal.com/fr_FR/jobs/JobDetail/STAGE-6-MOIS-partir-de-janvier-2026-Qualit-MP-CAUDRY-INGENIEUR-1-700-mensuel/218068,STAGE 6 MOIS - À partir de janvier 2026 – Qualité MP - CAUDRY– INGENIEUR – 1 700 € mensuel,Cambrai,France,218068,Stage,2026-01-05,"Stage
                                                                                    







                                                                                            Nord-Pas-de-Calais-Picardie
                                                                                    







                                                                                            Cambrai
                                                                                    







                                                                                            Fonctions administratives / assistanat
                                                                                    







                                                                                            Temps plein
                                                                                    







                                                                                            05-jan-2026",L'Oréal
https://careers.loreal.com/fr_FR/jobs/JobDetail/STAGE-DE-6-MOIS-A-partir-de-janvier-f-vrier-2026-Ing-nieur-e-qualit-Rambouillet-Master-2-1700-mensuel/224557,STAGE DE 6 MOIS - A partir de janvier/février 2026 - Ingénieur.e qualité - Rambouillet - Master 2 - 1700€ mensuel,Rambouillet,France,224557,Stage,2025-12-01,"Stage
                                                                                    







                                                                                            Île-de-France
                                                                                    







                                                                                            Rambouillet
                                                                                    







                                                                                            Quality
                                                                                    







                                                                                            Temps plein
                                                                                    







                                                                                            01-déc-2025",L'Oréal
https://careers.loreal.com/fr_FR/jobs/JobDetail/Stagiaire-Am-lioration-Continue-et-Digitalisation-pour-la-Performance-Qualit-Europe-Master-1-2-1700-mensuel/215574,Stagiaire Amélioration Continue et Digitalisation pour la Performance Qualité Europe - Master 1/2 - 1700€ mensuel,Aulnay-sous-Bois,France,215574,Stage,2025-10-01,"Stage
                                                                                    







                                                                                            Île-de-France
                                                                                    







                                                                                            Aulnay-sous-Bois
                                                                                    







                                                                                            Quality
                                                                                    







                                                                                            Temps plein
                                                                                    







                                                                                            01-oct-2025",L'Oréal
https://careers.loreal.com/fr_FR/jobs/JobDetail/STAGE-6-MOIS-partir-de-f-vrier-2026-Supply-Chain-Master-1-2-1-700-mensuel/219418,STAGE 6 MOIS - À partir de février 2026 – Supply Chain –  Master 1/2 – 1 700 € mensuel,FR - Roye,France,219418,Stage,2026-02-01,"Stage
                                                                                    







                                                                                            Nord-Pas-de-Calais-Picardie
                                                                                    







                                                                                            FR - Roye
                                                                                    







                                                                                            Fonctions administratives / assistanat
                                                                                    







                                                                                            Temps plein
                                                                                    







                                                                                            01-fév-2026",L'Oréal
https://careers.loreal.com/fr_FR/jobs/JobDetail/STAGE-6-MOIS-CORPORATE-COMMUNICATION-JANVIER-2026-1700-mois/215577,STAGE 6 MOIS - CORPORATE COMMUNICATION - JANVIER 2026 - 1700€/mois,Levallois-Perret,France,215577,Stage,2025-08-01,"Stage
                                                                                    







                                                                                            Île-de-France
                                                                                    







                                                                                            Levallois-Perret
                                                                                    







                                                                                            Communication
                                                                                    







                                                                                            Temps plein
                                                                                    







                                                                                            01-aoû-2025",L'Oréal
https://careers.loreal.com/fr_FR/jobs/JobDetail/STAGE-6-MOIS-partir-de-janvier-2026-Marketing-D-veloppement-Produit-ARMANI-Master-1-2-1700-mois/230357,STAGE 6 MOIS - À partir de janvier 2026 – Marketing Développement Produit ARMANI – Master 1/2 - 1700€/mois,Levallois-Perret,France,230357,Stage,2026-01-05,"Stage
                                                                                    







                                                                                            Île-de-France
                                                                                    







                                                                                            Levallois-Perret
                                                                                    







                                                                                            Marketing
                                                                                    







                                                                                            Temps plein
                                                                                    







                                                                                            05-jan-2026",L'Oréal
https://careers.loreal.com/fr_FR/jobs/JobDetail/STAGE-6-MOIS-partir-de-juillet-2026-Retail-Design-Master-1-2-1700-mois/229532,STAGE 6 MOIS - À partir de juillet 2026 – Retail Design – Master 1/2 - 1700€/mois,Levallois-Perret,France,229532,Stage,2026-01-05,"Stage
                                                                                    







                                                                                            Île-de-France
                                                                                    







                                                                                            Levallois-Perret
                                                                                    







                                                                                            Creative Design
                                                                                    







                                                                                            Temps plein
                                                                                    







                                                                                            05-jan-2026",L'Oréal
https://careers.loreal.com/fr_FR/jobs/JobDetail/Stage-de-6-mois-UX-Design-Colours-Materials-Finishes-Designer-partir-de-f-vrier-mars-2026/222213,"Stage de 6 mois – UX Design: Colours, Materials & Finishes Designer – À partir de février/mars 2026",Clichy,France,222213,Stage,2026-01-08,"Stage
                                                                                    







                                                                                            Île-de-France
                                                                                    







                                                                                            Clichy
                                                                                    







                                                                                            Packaging
                                                                                    







                                                                                            Temps plein
                                                                                    







                                                                                            08-jan-2026",L'Oréal
https://careers.loreal.com/fr_FR/jobs/JobDetail/6-month-Internship-Supply-Chain-January-March-2026/214881,6-month Internship – Supply Chain– January/March 2026,Clichy,France,214881,Stage,2025-08-04,"Stage
                                                                                    







                                                                                            Île-de-France
                                                                                    







                                                                                            Clichy
                                                                                    







                                                                                            Supply Chain
                                                                                    







                                                                                            Temps plein
                                                                                    







                                                                                            04-aoû-2025",L'Oréal
https://careers.loreal.com/fr_FR/jobs/JobDetail/Stage-de-6-mois-Droit-conomique-L-Or-al-France-Janvier-2027/229191,Stage de 6 mois - Droit économique L'Oréal France - Janvier 2027,Levallois-Perret,France,229191,Stage,2025-12-23,"Stage
                                                                                    







                                                                                            Île-de-France
                                                                                    







                                                                                            Levallois-Perret
                                                                                    







                                                                                            Juridique
                                                                                    







                                                                                            Temps plein
                                                                                    







                                                                                            23-déc-2025",L'Oréal
https://careers.loreal.com/fr_FR/jobs/JobDetail/Stage-de-6-mois-IP-IT-Janvier-2027/229619,Stage de 6 mois - IP & IT - Janvier 2027,Levallois-Perret,France,229619,Stage,2026-01-06,"Stage
                                                                                    







                                                                                            Île-de-France
                                                                                    







                                                                                            Levallois-Perret
                                                                                    







                                                                                            Juridique
                                                                                    







                                                                                            Temps plein
                                                                                    







                                                                                            06-jan-2026",L'Oréal
https://careers.loreal.com/fr_FR/jobs/JobDetail/Stage-de-6-mois-IP-Media-Janvier-2027/229188,Stage de 6 mois - IP & Media - Janvier 2027,Clichy,France,229188,Stage,2025-12-17,"Stage
                                                                                    







                                                                                            Île-de-France
                                                                                    







                                                                                            Clichy
                                                                                    







                                                                                            Juridique
                                                                                    







                                                                                            Temps plein
                                                                                    







                                                                                            17-déc-2025",L'Oréal
https://careers.loreal.com/fr_FR/jobs/JobDetail/Stage-de-6-mois-Direction-Legal-Privacy-Europe-Zone-Janvier-2027/230970,Stage de 6 mois - Direction Legal & Privacy Europe Zone - Janvier 2027,Clichy,France,230970,Stage,2025-12-17,"Stage
                                                                                    







                                                                                            Île-de-France
                                                                                    







                                                                                            Clichy
                                                                                    







                                                                                            Juridique
                                                                                    







                                                                                            Temps plein
                                                                                    







                                                                                            17-déc-2025",L'Oréal
https://careers.loreal.com/fr_FR/jobs/JobDetail/Stage-de-6-mois-Direction-Fiscale-Janvier-2027/231000,Stage de 6 mois - Direction Fiscale - Janvier 2027,Clichy,France,231000,Stage,2026-01-16,"Stage
                                                                                    







                                                                                            Île-de-France
                                                                                    







                                                                                            Clichy
                                                                                    







                                                                                            Finance et Gestion
                                                                                    







                                                                                            Temps plein
                                                                                    







                                                                                            16-jan-2026",L'Oréal
https://careers.loreal.com/fr_FR/jobs/JobDetail/Stage-de-6-mois-Contentieux-Risques-et-Assurances-Janvier-2027/230172,"Stage de 6 mois - Contentieux, Risques et Assurances  - Janvier 2027",Clichy,France,230172,Stage,2026-01-12,"Stage
                                                                                    







                                                                                            Île-de-France
                                                                                    







                                                                                            Clichy
                                                                                    







                                                                                            Juridique
                                                                                    







                                                                                            Temps plein
                                                                                    







                                                                                            12-jan-2026",L'Oréal
https://careers.loreal.com/fr_FR/jobs/JobDetail/Stage-de-6-mois-Lutte-Anti-contrefa-on-Janvier-2027/230206,Stage de 6 mois - Lutte Anti-contrefaçon - Janvier 2027,Clichy,France,230206,Stage,2026-01-12,"Stage
                                                                                    







                                                                                            Île-de-France
                                                                                    







                                                                                            Clichy
                                                                                    







                                                                                            Juridique
                                                                                    







                                                                                            Temps plein
                                                                                    







                                                                                            12-jan-2026",L'Oréal
https://careers.loreal.com/fr_FR/jobs/JobDetail/Stage-de-6-mois-Droits-des-Soci-t-s-Boursier-Gouvernance-Janvier-2027/228919,"Stage de 6 mois - Droits des Sociétés, Boursier & Gouvernance - Janvier 2027",Clichy,France,228919,Stage,2025-12-17,"Stage
                                                                                    







                                                                                            Île-de-France
                                                                                    







                                                                                            Clichy
                                                                                    







                                                                                            Juridique
                                                                                    







                                                                                            Temps plein
                                                                                    







                                                                                            17-déc-2025",L'Oréal
https://careers.loreal.com/fr_FR/jobs/JobDetail/Stage-de-6-mois-Droit-Immobilier-Environnement-Janvier-2027/229969,Stage de 6 mois - Droit Immobilier & Environnement - Janvier 2027,Clichy,France,229969,Stage,2025-12-17,"Stage
                                                                                    







                                                                                            Île-de-France
                                                                                    







                                                                                            Clichy
                                                                                    







                                                                                            Juridique
                                                                                    







                                                                                            Temps plein
                                                                                    







                                                                                            17-déc-2025",L'Oréal
https://careers.loreal.com/fr_FR/jobs/JobDetail/Stage-de-6-mois-Legal-M-A-Janvier-2027/228920,Stage de 6 mois - Legal M&A - Janvier 2027,Clichy,France,228920,Stage,2025-12-23,"Stage
                                                                                    







                                                                                            Île-de-France
                                                                                    







                                                                                            Clichy
                                                                                    







                                                                                            Juridique
                                                                                    







                                                                                            Temps plein
                                                                                    







                                                                                            23-déc-2025",L'Oréal
https://careers.loreal.com/fr_FR/jobs/JobDetail/STAGE-6-MOIS-partir-de-juillet-2026-Sales-Business-Analyst-Master-1700-mois/229411,STAGE 6 MOIS - À partir de juillet 2026 – Sales Business Analyst – Master ½ - 1700€/mois,Paris,France,229411,Stage,2026-01-05,"Stage
                                                                                    







                                                                                            Île-de-France
                                                                                    







                                                                                            Paris
                                                                                    







                                                                                            Sales
                                                                                    







                                                                                            Temps plein
                                                                                    







                                                                                            05-jan-2026",L'Oréal
https://careers.loreal.com/fr_FR/jobs/JobDetail/STAGE-6-MOIS-partir-de-juillet-2026-Category-Management-Master-1700-mois/229413,STAGE 6 MOIS - À partir de juillet 2026 – Category Management – Master ½ - 1700€/mois,Paris,France,229413,Stage,2026-01-05,"Stage
                                                                                    







                                                                                            Île-de-France
                                                                                    







                                                                                            Paris
                                                                                    







                                                                                            Sales
                                                                                    







                                                                                            Temps plein
                                                                                    







                                                                                            05-jan-2026",L'Oréal
https://careers.loreal.com/fr_FR/jobs/JobDetail/STAGE-6-MOIS-partir-de-juillet-2026-Key-Account-Management-Master-1700-mois/229412,STAGE 6 MOIS - À partir de juillet 2026 – Key Account Management – Master ½ - 1700€/mois,Paris,France,229412,Stage,2026-01-05,"Stage
                                                                                    







                                                                                            Île-de-France
                                                                                    







                                                                                            Paris
                                                                                    







                                                                                            Sales
                                                                                    







                                                                                            Temps plein
                                                                                    







                                                                                            05-jan-2026",L'Oréal
https://careers.loreal.com/fr_FR/jobs/JobDetail/Ing-nieur-Assurance-qualit-Sites-Industriels-Master-1-2-1700-mensuel/228817,Ingénieur Assurance qualité - Sites Industriels - Master 1/2 - 1700€ mensuel,Paris,France,228817,Stage,2026-01-05,"Stage
                                                                                    







                                                                                            Île-de-France
                                                                                    







                                                                                            Paris
                                                                                    







                                                                                            Quality
                                                                                    







                                                                                            Temps plein
                                                                                    







                                                                                            05-jan-2026",L'Oréal
https://careers.loreal.com/fr_FR/jobs/JobDetail/STAGE-6-MOIS-partir-de-juillet-2026-Brand-Communication-Master-1-2-1700-mois/229536,STAGE 6 MOIS - À partir de juillet 2026 – Brand Communication – Master 1/2 - 1700€/mois,Levallois-Perret,France,229536,Stage,2026-01-05,"Stage
                                                                                    







                                                                                            Île-de-France
                                                                                    







                                                                                            Levallois-Perret
                                                                                    







                                                                                            Communication
                                                                                    







                                                                                            Temps plein
                                                                                    







                                                                                            05-jan-2026",L'Oréal
https://careers.loreal.com/fr_FR/jobs/JobDetail/STAGE-6-MOIS-partir-de-juillet-2026-Communication-Corporate-Master-1-ou-2-1700-mois/229391,STAGE 6 MOIS - À partir de juillet 2026 – Communication Corporate – Master 1 ou 2 - 1700€/mois,Paris,France,229391,Stage,2026-01-05,"Stage
                                                                                    







                                                                                            Île-de-France
                                                                                    







                                                                                            Paris
                                                                                    







                                                                                            Communication
                                                                                    







                                                                                            Temps plein
                                                                                    







                                                                                            05-jan-2026",L'Oréal
https://careers.loreal.com/fr_FR/jobs/JobDetail/Stage-de-6-mois-Droit-conomique-L-Or-al-France-Juillet-2026/229190,Stage de 6 mois - Droit économique L'Oréal France - Juillet 2026,Levallois-Perret,France,229190,Stage,2025-12-23,"Stage
                                                                                    







                                                                                            Île-de-France
                                                                                    







                                                                                            Levallois-Perret
                                                                                    







                                                                                            Juridique
                                                                                    







                                                                                            Temps plein
                                                                                    







                                                                                            23-déc-2025",L'Oréal
https://careers.loreal.com/fr_FR/jobs/JobDetail/Ing-nieur-EHS-Master-1-2-1700-mensuel/228818,Ingénieur EHS - Master 1/2 - 1700€ mensuel,Paris,France,228818,Stage,2026-01-05,"Stage
                                                                                    







                                                                                            Île-de-France
                                                                                    







                                                                                            Paris
                                                                                    







                                                                                            EHS & Facilities
                                                                                    







                                                                                            Temps plein
                                                                                    







                                                                                            05-jan-2026",L'Oréal
https://careers.loreal.com/fr_FR/jobs/JobDetail/STAGE-6-MOIS-partir-de-juillet-2026-FINANCE-Master-1700-mois/229310,STAGE 6 MOIS - À partir de juillet 2026 – FINANCE – Master ½ - 1700€/mois,Paris,France,229310,Stage,2026-01-05,"Stage
                                                                                    







                                                                                            Île-de-France
                                                                                    







                                                                                            Paris
                                                                                    







                                                                                            Finance et Gestion
                                                                                    







                                                                                            Temps plein
                                                                                    







                                                                                            05-jan-2026",L'Oréal
https://careers.loreal.com/fr_FR/jobs/JobDetail/STAGE-6-MOIS-partir-d-aout-2026-Global-Finance-Analyst-Consolidation-Master-1700-mois/229414,STAGE 6 MOIS - À partir d'aout 2026 – Global Finance Analyst / Consolidation – Master ½ - 1700€/mois,Clichy,France,229414,Stage,2026-01-05,"Stage
                                                                                    







                                                                                            Île-de-France
                                                                                    







                                                                                            Clichy
                                                                                    







                                                                                            Finance et Gestion
                                                                                    







                                                                                            Temps plein
                                                                                    







                                                                                            05-jan-2026",L'Oréal
https://careers.loreal.com/fr_FR/jobs/JobDetail/6-month-Internship-Human-Ressources-July-2026/229626,6-month Internship – Human Ressources – July 2026,Paris,France,229626,Stage,2026-01-06,"Stage
                                                                                    







                                                                                            Île-de-France
                                                                                    







                                                                                            Paris
                                                                                    







                                                                                            Ressources Humaines
                                                                                    







                                                                                            Temps plein
                                                                                    







                                                                                            06-jan-2026",L'Oréal
https://careers.loreal.com/fr_FR/jobs/JobDetail/STAGE-6-MOIS-partir-de-juillet-2026-Stage-Contr-le-Interne-L-Or-al-International-Distribution-Master-1700-mois/229415,STAGE 6 MOIS - À partir de juillet 2026 – Stage Contrôle Interne L’Oréal International Distribution – Master ½ - 1700€/mois,Clichy,France,229415,Stage,2026-01-05,"Stage
                                                                                    







                                                                                            Île-de-France
                                                                                    







                                                                                            Clichy
                                                                                    







                                                                                            Finance et Gestion
                                                                                    







                                                                                            Temps plein
                                                                                    







                                                                                            05-jan-2026",L'Oréal
https://careers.loreal.com/fr_FR/jobs/JobDetail/Stage-de-6-mois-IP-IT-Juillet-2026/229618,Stage de 6 mois - IP & IT - Juillet 2026,Levallois-Perret,France,229618,Stage,2026-01-06,"Stage
                                                                                    







                                                                                            Île-de-France
                                                                                    







                                                                                            Levallois-Perret
                                                                                    







                                                                                            Juridique
                                                                                    







                                                                                            Temps plein
                                                                                    







                                                                                            06-jan-2026",L'Oréal
https://careers.loreal.com/fr_FR/jobs/JobDetail/Stage-de-6-mois-IP-Media-Juillet-2026/229187,Stage de 6 mois - IP & Media - Juillet 2026,Clichy,France,229187,Stage,2025-12-17,"Stage
                                                                                    







                                                                                            Île-de-France
                                                                                    







                                                                                            Clichy
                                                                                    







                                                                                            Juridique
                                                                                    







                                                                                            Temps plein
                                                                                    







                                                                                            17-déc-2025",L'Oréal
https://careers.loreal.com/fr_FR/jobs/JobDetail/Stage-de-6-mois-Direction-Legal-Privacy-Europe-Zone-Juillet-2026/230969,Stage de 6 mois - Direction Legal & Privacy Europe Zone - Juillet 2026,Clichy,France,230969,Stage,2025-12-17,"Stage
                                                                                    







                                                                                            Île-de-France
                                                                                    







                                                                                            Clichy
                                                                                    







                                                                                            Juridique
                                                                                    







                                                                                            Temps plein
                                                                                    







                                                                                            17-déc-2025",L'Oréal
https://careers.loreal.com/fr_FR/jobs/JobDetail/Ing-nieur-Manufacturing-Production-Performance-Sites-industriels-Master-1-2-1700-mensuel/228814,Ingénieur Manufacturing (Production / Performance) --Sites industriels -  Master 1/2 - 1700€ mensuel,Paris,France,228814,Stage,2026-01-05,"Stage
                                                                                    







                                                                                            Île-de-France
                                                                                    







                                                                                            Paris
                                                                                    







                                                                                            Manufacturing
                                                                                    







                                                                                            Temps plein
                                                                                    







                                                                                            05-jan-2026",L'Oréal
https://careers.loreal.com/fr_FR/jobs/JobDetail/STAGE-6-MOIS-partir-de-juillet-2026-Marketing-D-veloppement-Produit-Grand-Public-Master-1-2-1700-mois/229541,STAGE 6 MOIS - À partir de juillet 2026 – Marketing Développement Produit Grand Public – Master 1/2 - 1700€/mois,Levallois-Perret,France,229541,Stage,2026-01-05,"Stage
                                                                                    







                                                                                            Île-de-France
                                                                                    







                                                                                            Levallois-Perret
                                                                                    







                                                                                            Marketing
                                                                                    







                                                                                            Temps plein
                                                                                    







                                                                                            05-jan-2026",L'Oréal
https://careers.loreal.com/fr_FR/jobs/JobDetail/STAGE-6-MOIS-partir-de-juillet-2026-Marketing-D-veloppement-Produit-Beaut-Dermatologique-Master-1-2-1700-mois/229001,STAGE 6 MOIS - À partir de juillet 2026 – Marketing Développement Produit Beauté Dermatologique – Master 1/2 - 1700€/mois,Levallois-Perret,France,229001,Stage,2026-01-05,"Stage
                                                                                    







                                                                                            Île-de-France
                                                                                    







                                                                                            Levallois-Perret
                                                                                    







                                                                                            Marketing
                                                                                    







                                                                                            Temps plein
                                                                                    







                                                                                            05-jan-2026",L'Oréal
https://careers.loreal.com/fr_FR/jobs/JobDetail/STAGE-6-MOIS-partir-de-juillet-2026-Marketing-D-veloppement-Produit-Luxe-Master-1-2-1700-mois/229499,STAGE 6 MOIS - À partir de juillet 2026 – Marketing Développement Produit Luxe – Master 1/2 - 1700€/mois,Levallois-Perret,France,229499,Stage,2026-01-05,"Stage
                                                                                    







                                                                                            Île-de-France
                                                                                    







                                                                                            Levallois-Perret
                                                                                    







                                                                                            Marketing
                                                                                    







                                                                                            Temps plein
                                                                                    







                                                                                            05-jan-2026",L'Oréal
https://careers.loreal.com/fr_FR/jobs/JobDetail/STAGE-6-MOIS-partir-de-juillet-2026-Marketing-D-veloppement-Produit-Produits-Professionnels-Master-1-2-1700-mois/229523,STAGE 6 MOIS - À partir de juillet 2026 – Marketing Développement Produit Produits Professionnels – Master 1/2 - 1700€/mois,Levallois-Perret,France,229523,Stage,2026-01-05,"Stage
                                                                                    







                                                                                            Île-de-France
                                                                                    







                                                                                            Levallois-Perret
                                                                                    







                                                                                            Marketing
                                                                                    







                                                                                            Temps plein
                                                                                    







                                                                                            05-jan-2026",L'Oréal
https://careers.loreal.com/fr_FR/jobs/JobDetail/STAGE-6-MOIS-partir-de-juillet-2026-Marketing-Op-rationnel-Produits-Grand-Public-Master-1-2-1700-mois/229544,STAGE 6 MOIS - À partir de juillet 2026 – Marketing Opérationnel Produits Grand Public – Master 1/2 - 1700€/mois,Levallois-Perret,France,229544,Stage,2026-01-05,"Stage
                                                                                    







                                                                                            Île-de-France
                                                                                    







                                                                                            Levallois-Perret
                                                                                    







                                                                                            Marketing
                                                                                    







                                                                                            Temps plein
                                                                                    







                                                                                            05-jan-2026",L'Oréal
https://careers.loreal.com/fr_FR/jobs/JobDetail/STAGE-6-MOIS-partir-de-juillet-2026-Marketing-Op-rationnel-Produits-Beaut-Dermatologique-Master-1-2-1700-mois/229000,STAGE 6 MOIS - À partir de juillet 2026 – Marketing Opérationnel Produits Beauté Dermatologique – Master 1/2 - 1700€/mois,Levallois-Perret,France,229000,Stage,2026-01-05,"Stage
                                                                                    







                                                                                            Île-de-France
                                                                                    







                                                                                            Levallois-Perret
                                                                                    







                                                                                            Marketing
                                                                                    







                                                                                            Temps plein
                                                                                    







                                                                                            05-jan-2026",L'Oréal
https://careers.loreal.com/fr_FR/jobs/JobDetail/STAGE-6-MOIS-partir-de-juillet-2026-Marketing-Op-rationnel-Luxe-Master-1-2-1700-mois/229513,STAGE 6 MOIS - À partir de juillet 2026 – Marketing Opérationnel Luxe – Master 1/2 - 1700€/mois,Levallois-Perret,France,229513,Stage,2026-01-05,"Stage
                                                                                    







                                                                                            Île-de-France
                                                                                    







                                                                                            Levallois-Perret
                                                                                    







                                                                                            Marketing
                                                                                    







                                                                                            Temps plein
                                                                                    







                                                                                            05-jan-2026",L'Oréal
https://careers.loreal.com/fr_FR/jobs/JobDetail/STAGE-6-MOIS-partir-de-juillet-2026-Marketing-Op-rationnel-Produits-Professionnels-Master-1-2-1700-mois/229529,STAGE 6 MOIS - À partir de juillet 2026 – Marketing Opérationnel Produits Professionnels – Master 1/2 - 1700€/mois,Levallois-Perret,France,229529,Stage,2026-01-05,"Stage
                                                                                    







                                                                                            Île-de-France
                                                                                    







                                                                                            Levallois-Perret
                                                                                    







                                                                                            Marketing
                                                                                    







                                                                                            Temps plein
                                                                                    







                                                                                            05-jan-2026",L'Oréal
https://careers.loreal.com/fr_FR/jobs/JobDetail/Ing-nieur-Qualit-Process-Hygi-niste-Sites-industriels-Master-1-2-1700-mensuel/228816,Ingénieur Qualité (Process / Hygiéniste) - Sites industriels - Master 1/2 - 1700€ mensuel,Paris,France,228816,Stage,2026-01-05,"Stage
                                                                                    







                                                                                            Île-de-France
                                                                                    







                                                                                            Paris
                                                                                    







                                                                                            Quality
                                                                                    







                                                                                            Temps plein
                                                                                    







                                                                                            05-jan-2026",L'Oréal
https://careers.loreal.com/fr_FR/jobs/JobDetail/STAGE-6-MOIS-partir-de-juillet-2026-Retail-Marketing-Master-1-2-1700-mois/229524,STAGE 6 MOIS - À partir de juillet 2026 – Retail Marketing – Master 1/2 - 1700€/mois,Levallois-Perret,France,229524,Stage,2026-01-05,"Stage
                                                                                    







                                                                                            Île-de-France
                                                                                    







                                                                                            Levallois-Perret
                                                                                    







                                                                                            Marketing
                                                                                    







                                                                                            Temps plein
                                                                                    







                                                                                            05-jan-2026",L'Oréal
https://careers.loreal.com/fr_FR/jobs/JobDetail/Stage-de-6-mois-Compensation-Benefits-Juillet-2026/229497,Stage de 6 mois - Compensation & Benefits - Juillet 2026,Levallois-Perret,France,229497,Stage,2026-01-05,"Stage
                                                                                    







                                                                                            Île-de-France
                                                                                    







                                                                                            Levallois-Perret
                                                                                    







                                                                                            Ressources Humaines
                                                                                    







                                                                                            Temps plein
                                                                                    







                                                                                            05-jan-2026",L'Oréal
https://careers.loreal.com/fr_FR/jobs/JobDetail/6-month-Internship-Supply-Chain-July-September-2026-Master/229519,6-month Internship – Supply Chain – July-September 2026 – Master ½,Paris,France,229519,Stage,2026-01-05,"Stage
                                                                                    







                                                                                            Île-de-France
                                                                                    







                                                                                            Paris
                                                                                    







                                                                                            Supply Chain
                                                                                    







                                                                                            Temps plein
                                                                                    







                                                                                            05-jan-2026",L'Oréal
https://careers.loreal.com/fr_FR/jobs/JobDetail/Ing-nieur-Supply-Chain-Approvisionnement-Planification-Sites-industriels-Master-1-2-1700-mensuel/228819,Ingénieur Supply Chain (Approvisionnement / Planification) - Sites industriels -  Master 1/2 - 1700€ mensuel,Paris,France,228819,Stage,2026-01-05,"Stage
                                                                                    







                                                                                            Île-de-France
                                                                                    







                                                                                            Paris
                                                                                    







                                                                                            Supply Chain
                                                                                    







                                                                                            Temps plein
                                                                                    







                                                                                            05-jan-2026",L'Oréal
https://careers.loreal.com/fr_FR/jobs/JobDetail/Stage-de-6-mois-Direction-Fiscale-Juillet-2026/230999,Stage de 6 mois - Direction Fiscale - Juillet 2026,Clichy,France,230999,Stage,2026-01-16,"Stage
                                                                                    







                                                                                            Île-de-France
                                                                                    







                                                                                            Clichy
                                                                                    







                                                                                            Finance et Gestion
                                                                                    







                                                                                            Temps plein
                                                                                    







                                                                                            16-jan-2026",L'Oréal
https://careers.loreal.com/fr_FR/jobs/JobDetail/STAGE-6-MOIS-partir-de-juillet-2026-Finance-Durable-LDB-Worldwide-Master-1700-mois/229664,STAGE 6 MOIS - À partir de juillet 2026 –  Finance Durable - LDB Worldwide – Master ½ - 1700€/mois,Clichy,France,229664,Stage,2026-01-05,"Stage
                                                                                    







                                                                                            Île-de-France
                                                                                    







                                                                                            Clichy
                                                                                    







                                                                                            Finance et Gestion
                                                                                    







                                                                                            Temps plein
                                                                                    







                                                                                            05-jan-2026",L'Oréal
https://careers.loreal.com/fr_FR/jobs/JobDetail/Stage-de-6-mois-Corporate-Responsibility-Sustainability-July-2026-1700/226102,Stage de 6 mois – Corporate Responsibility / Sustainability  – July 2026 - 1700€,Clichy,France,226102,Stage,2025-01-01,"Stage
                                                                                    







                                                                                            Île-de-France
                                                                                    







                                                                                            Clichy
                                                                                    







                                                                                            Ethique et Valeurs
                                                                                    







                                                                                            Temps plein
                                                                                    







                                                                                            01-jan-2025",L'Oréal
https://careers.loreal.com/fr_FR/jobs/JobDetail/STAGE-6-MOIS-partir-de-juillet-septembre-2026-D-veloppement-industriel-Master-1-2-1700-mois/229803,STAGE 6 MOIS - À partir de juillet/ septembre 2026 – Développement industriel– Master 1/2 - 1700€/mois,Paris,France,229803,Stage,2026-01-07,"Stage
                                                                                    







                                                                                            Île-de-France
                                                                                    







                                                                                            Paris
                                                                                    







                                                                                            Operations Development
                                                                                    







                                                                                            Temps plein
                                                                                    







                                                                                            07-jan-2026",L'Oréal
https://careers.loreal.com/fr_FR/jobs/JobDetail/STAGE-6-MOIS-partir-de-juillet-2026-DIGITAL-E-COMMERCE-Master-1700-mois/230055,"STAGE 6 MOIS - À partir de juillet 2026 – DIGITAL, E-COMMERCE – Master ½ - 1700€/mois",Paris,France,230055,Stage,2026-01-12,"Stage
                                                                                    







                                                                                            Île-de-France
                                                                                    







                                                                                            Paris
                                                                                    







                                                                                            Digitale
                                                                                    







                                                                                            Temps plein
                                                                                    







                                                                                            12-jan-2026",L'Oréal
https://careers.loreal.com/fr_FR/jobs/JobDetail/STAGE-6-MOIS-partir-de-juillet-septembre-2026-Packaging-Master-1-2-1700-mois/229806,STAGE 6 MOIS - À partir de juillet/ septembre 2026 – Packaging – Master 1/2 - 1700€/mois,Paris,France,229806,Stage,2026-01-09,"Stage
                                                                                    







                                                                                            Île-de-France
                                                                                    







                                                                                            Paris
                                                                                    







                                                                                            Operations Development
                                                                                    







                                                                                            Temps plein
                                                                                    







                                                                                            09-jan-2026",L'Oréal
https://careers.loreal.com/fr_FR/jobs/JobDetail/STAGE-6-MOIS-partir-de-juillet-septembre-2026-PO-PMO-IT-PM-Master-1-2-1700-mois/229627,STAGE 6 MOIS - À partir de juillet/septembre 2026 – PO/PMO/IT PM – Master 1/2 - 1700€/mois,Paris,France,229627,Stage,2026-01-06,"Stage
                                                                                    







                                                                                            Île-de-France
                                                                                    







                                                                                            Paris
                                                                                    







                                                                                            Tech
                                                                                    







                                                                                            Temps plein
                                                                                    







                                                                                            06-jan-2026",L'Oréal
https://careers.loreal.com/fr_FR/jobs/JobDetail/Stage-de-6-mois-Achats-Sourcing-July-2026-1700/226106,Stage de 6 mois - Achats / Sourcing - July 2026 - 1700€,Clichy,France,226106,Stage,2025-01-01,"Stage
                                                                                    







                                                                                            Île-de-France
                                                                                    







                                                                                            Clichy
                                                                                    







                                                                                            Supply Chain
                                                                                    







                                                                                            Temps plein
                                                                                    







                                                                                            01-jan-2025",L'Oréal
https://careers.loreal.com/fr_FR/jobs/JobDetail/Stage-de-6-mois-Contentieux-Risques-et-Assurances-Juillet-2026/230171,"Stage de 6 mois - Contentieux, Risques et Assurances  - Juillet 2026",Clichy,France,230171,Stage,2026-01-08,"Stage
                                                                                    







                                                                                            Île-de-France
                                                                                    







                                                                                            Clichy
                                                                                    







                                                                                            Juridique
                                                                                    







                                                                                            Temps plein
                                                                                    







                                                                                            08-jan-2026",L'Oréal
https://careers.loreal.com/fr_FR/jobs/JobDetail/Stage-de-6-mois-Lutte-Anti-contrefa-on-Juillet-2026/230205,Stage de 6 mois - Lutte Anti-contrefaçon  - Juillet 2026,Clichy,France,230205,Stage,2026-01-12,"Stage
                                                                                    







                                                                                            Île-de-France
                                                                                    







                                                                                            Clichy
                                                                                    







                                                                                            Juridique
                                                                                    







                                                                                            Temps plein
                                                                                    







                                                                                            12-jan-2026",L'Oréal
https://careers.loreal.com/fr_FR/jobs/JobDetail/Stage-de-6-mois-Droits-des-Soci-t-s-Boursier-Gouvernance-Juillet-2026/228514,"Stage de 6 mois - Droits des Sociétés, Boursier & Gouvernance - Juillet 2026",Clichy,France,228514,Stage,2025-12-17,"Stage
                                                                                    







                                                                                            Île-de-France
                                                                                    







                                                                                            Clichy
                                                                                    







                                                                                            Juridique
                                                                                    







                                                                                            Temps plein
                                                                                    







                                                                                            17-déc-2025",L'Oréal
https://careers.loreal.com/fr_FR/jobs/JobDetail/Stage-de-6-mois-Droit-Immobilier-Environnement-Juillet-2026/229968,Stage de 6 mois - Droit Immobilier & Environnement  - Juillet 2026,Clichy,France,229968,Stage,2026-01-08,"Stage
                                                                                    







                                                                                            Île-de-France
                                                                                    







                                                                                            Clichy
                                                                                    







                                                                                            Juridique
                                                                                    







                                                                                            Temps plein
                                                                                    







                                                                                            08-jan-2026",L'Oréal
https://careers.loreal.com/fr_FR/jobs/JobDetail/Stage-de-6-mois-Legal-M-A-Juillet-2026/228501,Stage de 6 mois - Legal M&A - Juillet 2026,Clichy,France,228501,Stage,2025-12-23,"Stage
                                                                                    







                                                                                            Île-de-France
                                                                                    







                                                                                            Clichy
                                                                                    







                                                                                            Juridique
                                                                                    







                                                                                            Temps plein
                                                                                    







                                                                                            23-déc-2025",L'Oréal
